Name,volatility,avg_return,avg_volume,volume_volatility,momentum,price_range,trend_strength,price_level,volume_to_price_ratio,sentiment_mean,sentiment_std,sent_cluster
A,0.015489307612333041,0.0005339391592532427,2269768.136894825,1333330.7807123181,0.010751127446437372,0.016862585681055746,0.0004705828935243279,49.52999165275459,1.0049112769239446,0.0,0.0,2
AAL,0.022401684044066113,0.0011715994249568427,9432934.821368948,6999824.085675285,0.025601777805333025,0.029873677291389275,0.0003438187018602047,39.52749966611019,1.0116015979967685,0.0,0.0,0
AAP,0.019245357244751807,0.00041791670352127195,1085151.7662771286,1041832.0993840622,0.009290416234950517,0.02125938747226655,-7.273813227290563e-06,135.07368113522537,1.0190120802618445,0.0,0.0,0
AAPL,0.014415376964819118,0.0008611905676359916,50846607.248747915,29861399.626486924,0.01962726069308404,0.01679031540921626,0.0002230273246081294,111.3547430717863,1.0015412031043687,0.0,0.0,1
ABBV,0.016835995663005407,0.0009044290779862555,7899144.486644408,5842174.944575955,0.017251769892409494,0.021318527720312126,0.0009026136515987977,61.85618530884808,1.0164117589786925,0.0,0.0,2
ABC,0.014040018216031621,0.0005334958901149522,1975775.2036727879,1031654.0895109646,0.012330316097274988,0.01736139704775276,0.00038480862645695396,83.6542570951586,1.0094546695822537,0.0,0.0,2
ABT,0.012372075658151594,0.0004908901800181728,6935435.927378965,3537487.3552439613,0.009825227295632566,0.015482263447724713,0.0004003465187347946,43.307270450751254,1.010139522400548,0.0,0.0,2
ACN,0.011821684353592226,0.0006331115129123449,2587330.083472454,1371369.346065448,0.013020670990611452,0.014121478475902173,0.0009357448576067804,102.31889816360601,1.0067845647422153,0.0,0.0,2
ADBE,0.015470345823398325,0.001313694365925542,2969060.702003339,1803347.6339025972,0.026505502990240362,0.018201398294516842,0.0007603510359267174,92.78272028380634,1.0187314329020123,0.0,0.0,2
ADI,0.014972867866235157,0.0006617041250555232,2447321.743739566,1413074.7048096755,0.01427308260372941,0.018552227972101976,0.00023187253292165404,61.71129173622705,1.0121101023311698,0.0,0.0,2
ADM,0.014375177357835245,0.00028326878053929876,3591220.3864774625,1549313.4552052754,0.0058585008367728186,0.017803493771639686,0.0005733793071838824,42.892771285475796,1.0065687158127996,0.0,0.0,2
ADP,0.011574952683489383,0.00048311034538868453,2035492.4624373957,1421705.9407217216,0.011044040369767135,0.013874237917681338,0.0005509868205628452,88.13813105175292,1.0110589813689401,0.0,0.0,2
ADS,0.016993349663347517,0.00042680573730868827,626065.143572621,386954.96658437804,0.010765960016875888,0.021141720302680713,0.00023727842013448262,245.14450751252087,1.014947567096404,0.0,0.0,2
ADSK,0.018831729774810384,0.0010501082079342069,2463772.5609348915,1719319.805397337,0.02216480943757238,0.022943553483401467,0.0009583523374510816,65.42713005008346,1.012829467589455,0.0,0.0,2
AEE,0.010853969574144834,0.0003807030945424635,1618458.9774624375,689985.966734404,0.008514398255514727,0.01551273224879368,0.0006340224946945975,45.52020868113522,1.0074786937361513,0.0,0.0,2
AEP,0.010662752874304642,0.0002671575931365051,2785336.5951585975,1107603.8721396597,0.00611759376733485,0.014658901955287651,0.000412473902296598,58.97863939899833,1.0065543033566173,0.0,0.0,2
AES,0.01592062387113801,-9.671015122776222e-05,5553780.054257095,2975318.045895598,-0.0011516935789654184,0.02208873053300511,0.00019834895937592074,12.337947412353923,1.0157213934003646,0.0,0.0,0
AET,0.014777657206899905,0.001053974278311229,2683853.7721202006,1542887.474490201,0.0216719411506299,0.01935353947564807,0.0006232734574800853,107.39002086811352,1.0116016968184827,0.0,0.0,2
AFL,0.010100736815427214,0.0004114826140832389,2042694.3447412355,852098.2064804543,0.009782021763881226,0.013237833644401904,0.0005411690749485476,66.86781719532554,1.0037242141703298,0.0,0.0,2
AGN,0.018056260220022026,0.0005396436508835539,2964013.4941569283,2344653.270789553,0.013095452410176204,0.024077420045370192,-0.00045538368940368167,228.79275459098494,1.0210530447272743,0.0,0.0,0
AIG,0.012680811066473981,0.00031553311855300205,7950614.313856428,4346424.674770237,0.008327612986078368,0.015418057638398704,0.00028905242544854297,56.52910684474123,0.9995480631790296,0.0,0.0,2
AIV,0.012008171824268485,0.00027459795632220736,1200132.6569282138,610089.2257305547,0.006045089757543315,0.017246654408443942,0.0004326940118950677,37.84252921535893,1.0078674735400108,0.0,0.0,2
AIZ,0.012851489136415017,0.0005955578458498014,527951.5968280467,260667.5880562054,0.012926357704930825,0.01592604690824201,0.0005811428262215763,76.948898163606,1.002026136040076,0.0,0.0,2
AJG,0.00968112713474418,0.0003797805982167112,935692.4507512521,1272372.5715080895,0.008300310698652289,0.013098361159454905,0.0002822954375850371,49.024666110183645,1.01692427467604,0.0,0.0,2
AKAM,0.020935776778470857,0.000507203417104679,2080166.5692821369,1689900.4166918378,0.013823284511440652,0.021434543033299627,0.00038130800277242136,57.614223622704515,1.0120629232521623,0.0,0.0,2
ALB,0.017490196900580585,0.0006197706940173655,1181488.5484140234,1126510.04940226,0.014234634026299363,0.02122166020292312,0.00014042550457548565,75.98776711185309,1.0242533003205547,0.0,0.0,0
ALGN,0.02080010647201826,0.0018381584678609784,886016.4023372288,854757.4620944278,0.0392061873733598,0.02502392955186502,0.00042714281790482447,86.1124111018364,1.021595236549433,0.0,0.0,2
ALK,0.01899511051637358,0.000721855854367536,1534491.305509182,1127195.9985763961,0.01765922723234939,0.025547572266269785,8.366622421952815e-05,63.41834307178631,1.0162188184102785,0.0,0.0,0
ALL,0.010194391238806319,0.0006171159282864668,2361327.5016694493,1042517.9327699201,0.012789584425902955,0.012374147032655453,0.0005237984597918733,68.16540066777962,1.0062394913870707,0.0,0.0,2
ALLE,0.012893784066983438,0.0005513334417348627,695731.759481038,393153.51940812636,0.012537942915407167,0.017991492755465726,0.000292634227194606,65.28427145708582,1.01070990668017,0.0,0.0,2
ALXN,0.02397868482563151,0.00042610790650341157,1752785.6978297161,1357985.7270446944,0.008915720952621824,0.031595680733047776,-0.0004715989558290427,145.01645742904842,1.0161046802944191,0.0,0.0,0
AMAT,0.017369659949405987,0.0011703749773042476,13253040.35475793,8782497.251276445,0.026185955419067073,0.02213747520022313,0.0003160688250659828,26.433544240400668,1.0070044031723906,0.0,0.0,1
AME,0.011647881439325776,0.0005720565138319026,1326420.3739565944,1127768.5139751101,0.01164038357871821,0.015154358005362904,0.0005599670839857232,52.87761268781302,1.0165788538902318,0.0,0.0,2
AMG,0.01694994412051246,0.0003126278395373217,457149.9106844741,328849.76138364914,0.00771064365690495,0.020525780288167563,-4.465173118430608e-05,180.6459015025042,1.0115236317928025,0.0,0.0,2
AMGN,0.015523789892742428,0.0005560243056456618,3398066.9515859764,1583524.5216684325,0.011138191069865255,0.02030840957754584,-6.261471470770443e-05,148.3796665275459,1.0084091600921834,0.0,0.0,2
AMP,0.015461532988764523,0.0007368373777347784,1115847.9449081803,501373.26268223894,0.016849872492261952,0.01809409458341901,0.00032735951945455705,116.1973288814691,1.0074700131971688,0.0,0.0,2
AMT,0.011892431879337124,0.0005074305589607993,2282024.9298831387,1293942.8605008938,0.010316466829195977,0.015737800906463203,0.00017587055367355913,102.15335559265442,1.0103239375294597,0.0,0.0,2
ANDV,0.020101932249305846,0.000687266612602811,2567053.759599332,1273478.9551638188,0.01674414001854574,0.029094971957479423,0.0006336922902280193,78.84316777963272,1.0018009659208982,0.0,0.0,2
ANSS,0.012840697151875666,0.0007065717919959312,444194.76878130215,553505.481344873,0.013450127491820554,0.01731278792387898,0.000674482468290466,94.35258681135225,1.015316021025638,0.0,0.0,2
ANTM,0.014267635811796844,0.0010715858481875286,1874085.9607679467,877092.4092995713,0.022475164853823625,0.019425094566356035,0.0010036758310307343,137.5908430717863,1.009278883118132,0.0,0.0,2
AON,0.01090996992180384,0.0007190465187833815,1278706.2020033388,609119.3568157947,0.01470581904478168,0.013683854460193165,0.0006839211955047715,101.03002504173622,1.0074424087858727,0.0,0.0,2
AOS,0.013852963622483642,0.0010743557862315125,1246773.8622704507,1377956.2280865998,0.023605992033089485,0.01830936061269216,0.0006530738424580285,37.36496035058431,1.0118951207351636,0.0,0.0,2
APA,0.02314231876562253,-0.00024586285241684296,3840755.0025041737,1783153.4292393958,-0.0030323960304767974,0.028396040319184444,-0.00011948872258834238,63.54472036727879,1.0104906992701173,0.0,0.0,0
APC,0.022299968953218282,-0.00010376072622333518,5049717.287145242,3148636.8594213673,-0.000938498089365454,0.027798883851228303,-7.978052971560653e-05,71.67821368948248,1.0154187605017606,0.0,0.0,0
APD,0.01232795576002046,0.0005630262137322093,1340560.3414023372,949204.0985503494,0.012318475321000399,0.015022215023440946,0.0002917611811870834,134.8804340567613,1.0161366849970082,0.0,0.0,2
APH,0.011461974493824216,0.0007599411745895736,1222007.4782971619,598432.3509442041,0.016081683182358402,0.014009877199948402,0.0007818250601880264,57.87357262103505,1.0121821140644895,0.0,0.0,2
ARE,0.011335849021465163,0.00046201638477142137,531321.683639399,583259.6995682057,0.010744897814988615,0.016631538984887784,0.00046889417749266783,92.98470784641067,1.0150151511886765,0.0,0.0,2
ARNC,0.02461209252473555,0.0002915916958646009,6856886.743739566,4237545.382816983,0.009273370479976537,0.02719416738379368,0.0004676158522151017,31.703747913188646,1.012549994566323,0.0,0.0,0
ATVI,0.018992793254759686,0.0014663237405005802,7617191.515025042,5941953.820115722,0.029324846359558676,0.02311013566974467,0.0002963380671727372,33.62330717863105,1.0121040802540116,0.0,0.0,2
AVB,0.010911627993362726,0.0002293386445117062,766139.1419031719,328922.6709234508,0.005031802856323488,0.016385152800511966,0.0001826539951189409,163.43603505843072,1.0082313100734082,0.0,0.0,2
AVGO,0.020224937954986956,0.0018663361059163886,2848200.0959933223,2429720.1052828487,0.03787303580165072,0.02456558657039813,0.0003528680727675573,135.4882867278798,1.0205671451496707,0.0,0.0,2
AVY,0.012726052986136445,0.0009054062384798587,753664.3823038398,350327.565866188,0.018915684730276938,0.015752100730760693,0.0004442524340522056,65.58136060100168,1.009352507219448,0.0,0.0,2
AWK,0.010369482145955379,0.0005875273366226468,951729.5876460768,1092022.3708126936,0.012340864019794787,0.014922927595638577,0.000446403105355246,61.109891485809676,1.0118540605073663,0.0,0.0,2
AXP,0.012665287742977198,0.00032759946822379186,4751082.679465776,3057290.990362206,0.00808206684507907,0.014383861095667753,0.0001542402396894333,79.27409015025042,1.0079668104372033,0.0,0.0,2
AYI,0.019657961972588945,0.0007850909188509276,485834.9240400668,475646.89681852004,0.017028937552419722,0.022610875577473058,0.0006631505508098664,171.6974958263773,1.025509456798304,0.0,0.0,2
AZO,0.012634597761288604,0.0005719808594775951,312991.95659432386,195926.06916041853,0.012915389540889718,0.01722346177276764,0.00017529523496448128,631.160325542571,1.013969290837188,0.0,0.0,2
BA,0.013568780074491629,0.0011662948398810998,4134166.782971619,2467727.603476864,0.024276954788042985,0.01608411217211566,0.0007161672806022246,153.04987479131887,1.0121984003963902,0.0,0.0,2
BAX,0.01702535507744383,0.00013770233328537832,4150182.529215359,4207757.146803966,0.00341054539379366,0.01487512047487645,0.00026761607847445613,58.81107679465776,1.0160294239850796,0.0,0.0,2
BBT,0.01218595881657662,0.0005289287705483751,4192995.438230384,1750179.056850411,0.010973257414244297,0.01546386279799586,0.0004899860147970757,39.37987061769616,1.0088911963525171,0.0,0.0,2
BBY,0.02433511071183839,0.0011204220441107609,5383469.633555926,4796036.72201864,0.023811546460353064,0.025835356206644445,0.0010596109587114307,38.69776293823038,1.0146010761626907,0.0,0.0,2
BDX,0.010796415620041598,0.0007707521515318558,1075554.5158597662,725841.5662571742,0.015946283471547158,0.014042310879422848,0.0004369923318936481,149.69449916527546,1.012198205129024,0.0,0.0,2
BEN,0.014747876673715634,-0.00012563868365061644,2598674.98163606,1386265.3250479624,-0.0006029734200019453,0.018189409156118372,-0.00014344497308365817,45.9319429048414,1.0177054712151383,0.0,0.0,0
BF.B,0.011488626143653292,0.0005763638148148405,994167.7061769617,725752.2738721978,0.012146594870385968,0.01584181838682431,0.0004244979166333196,46.833685308848075,1.0174800729398383,0.0,0.0,2
BHF,0.015875414214841312,-0.0001498005661420879,819055.8536585366,367216.6012593215,0.02267769897985073,0.022625286359620148,0.0013954392750809837,60.231585365853654,1.0128067835386267,0.0,0.0,2
BHGE,0.022970531312706443,-0.002342078338983658,4661886.439560439,2033123.4839035305,-0.008797117968368724,0.029982793360684837,-0.0010793044212536213,32.69582417582418,1.0668524270669804,0.0,0.0,0
BIIB,0.021751962315337714,0.0006008799380239298,1658924.1477462437,1063094.2407843317,0.011959644010695561,0.02628774878386544,-0.0005397278851379858,300.855147245409,1.0120080921348698,0.0,0.0,0
BK,0.01302165754355316,0.0006501816898270437,5341528.278797996,2118913.244637103,0.013627951866440589,0.01597215944326221,0.0003638399931965417,40.821585976627716,1.0081288728660305,0.0,0.0,2
BLK,0.013476186575893686,0.0006488888828749625,632857.6878130217,276249.72090974957,0.014539550080845854,0.017132633989962252,0.00015249103283282596,353.3359933222037,1.0076982872635665,0.0,0.0,2
BLL,0.012632864009242895,0.0004854709111468429,2380421.5893155257,1414550.5383477241,0.009495432553823836,0.015861856422660588,0.0005158922670400491,33.6865734557596,1.015366649769662,0.0,0.0,2
BMY,0.01568102066103561,0.0004757539262473137,7972133.16722408,5658552.985780286,0.009750850915319274,0.019015114883673,0.0003063646303230215,57.73408862876254,1.009826805390662,0.0,0.0,2
BRK.B,0.009226847364480147,0.0005468673694110043,3567307.5776293823,1357286.8307955968,0.012180236512213337,0.011210078982768563,-7.858761339528285e-05,144.17720367278798,1.0080353030877935,0.0,0.0,2
BSX,0.016038996538120867,0.001161615005982674,10478922.912353924,6385549.333040864,0.024033430577084094,0.019804936661304652,0.0006563981825799849,18.417746243739565,1.0046139500275781,0.0,0.0,2
BWA,0.017578874306696066,0.0004153740420750715,1875073.6051752921,992464.9810216278,0.00992517726074044,0.022024309206411255,0.0003482198744285056,48.07242487479132,1.005479453612422,0.0,0.0,2
BXP,0.011844324890074408,0.00011566117314397975,796928.8489148581,304648.1865803703,0.0029005512358808044,0.016398640444281156,0.00014079454509795817,122.52232888146912,1.0038669876167579,0.0,0.0,2
C,0.014971533558007278,0.0004919667939507966,20200881.749582637,8890226.303741453,0.010788751122432638,0.01787433206350921,0.0001201372403163815,53.88381469115192,1.0051034852046892,0.0,0.0,1
CA,0.012628535919267617,0.00024412938821164674,2751329.4974958263,1303015.679840004,0.006062005084452999,0.016458186126579764,0.00032144715241510743,30.938425709515858,1.0099675608328242,0.0,0.0,2
CAG,0.014861406109363786,0.00012477940750826652,3318847.157762938,1890522.860865644,0.0028699256580096365,0.015187145267841507,0.00040501948643080395,37.5484223706177,1.0167777781523855,0.0,0.0,2
CAH,0.014135323646161864,0.0003959808793737509,2344670.6060100165,1259656.0464952383,0.00991399090619177,0.017197992516978112,0.0005165072427103266,73.71421535893155,1.0105885708846123,0.0,0.0,2
CAT,0.014333966566889046,0.0005866689499783533,5331918.388146912,2706795.4310451294,0.013221917177743812,0.017314427171946718,0.0004128659830157846,93.1363772954925,1.0106786215732126,0.0,0.0,2
CB,0.009512723000096215,0.00044211979925300003,1574856.2512520868,936082.3116517355,0.009293366634976938,0.012681892704874855,0.0003200466054309338,116.65966611018364,1.0115249085931115,0.0,0.0,2
CBG,0.016160268803466583,0.000600661694632626,2256493.6903171954,1144170.716142273,0.012926795060692884,0.019515716914516555,9.438437086017754e-05,31.68187813021703,1.0097408925332925,0.0,0.0,2
CBOE,0.012371796586723181,0.0009955976315181208,740903.3772954924,737552.5795660727,0.022918612438058532,0.017932669280121123,0.0007562976589766001,67.58786560934892,1.0180189199398024,0.0,0.0,2
CBS,0.01485364433813901,0.0002201359173536085,5442260.39899833,5134355.433144399,0.005840821499842401,0.02096231967267886,-0.00016817333217574937,56.76599332220368,1.0147293725501942,0.0,0.0,0
CCI,0.011106869610630102,0.00033817928042616637,2452363.041736227,1718445.7605500822,0.007151143748897912,0.015550300306738436,0.00013862979563538763,85.79224958263774,1.016628069690748,0.0,0.0,2
CCL,0.014560870875255804,0.0006752542340292407,4047514.9808013355,2194219.1775378305,0.013668283527258008,0.016641837318019527,0.0002415576320277864,48.219015025041735,1.0083740897513522,0.0,0.0,2
CDNS,0.013901311047893848,0.0009740674928109049,2895701.3789649415,2395103.2060794774,0.02174178427104525,0.01941184517411967,0.0009829619178484288,23.03368530884808,1.0135951540549146,0.0,0.0,2
CELG,0.01930503948404533,0.0005735376859816881,5279199.361435726,3178448.003173366,0.012241375651610365,0.025192121866062667,2.293364072533651e-05,103.57486444073456,1.0110978195358968,0.0,0.0,0
CERN,0.014624574321993575,0.00035065927474728505,2052250.774624374,1285182.0027513225,0.00846976813835861,0.01933017697183666,0.00042526145649681227,59.77779465776293,1.0143440045200611,0.0,0.0,2
CF,0.023557793197126375,0.0003170825256533169,4166835.7646076796,2242016.019531742,0.006382609006281137,0.030063449121976258,0.00023504218338110162,41.59833388981636,1.0031066549797396,0.0,0.0,0
CFG,0.016930875599016987,0.0009002274769624308,5449402.0114068445,5563867.977496435,0.01961431925354913,0.023058551736337446,0.0002238965972504757,29.19274397972117,1.0367785634718676,0.0,0.0,0
CHD,0.00991815838971105,0.00039965361061901176,1564833.9574290484,1644213.2736698561,0.00816537077156717,0.013422328092014315,0.0008749194839217978,41.69440734557596,1.0154456802134268,0.0,0.0,2
CHRW,0.012904420283617959,0.00042423095870352054,1591895.1953255425,961924.9211290355,0.009205257431275015,0.016506195961368413,0.0007578556942004668,68.21589398998331,1.01600765659138,0.0,0.0,2
CHTR,0.016654858639083395,0.0011887544000308507,1580873.379799666,1698918.289601569,0.02330329488550482,0.023193119466361052,0.0005419515803450963,213.59378121869784,1.0274002060690126,0.0,0.0,2
CI,0.014909817366651491,0.0010129466010343072,1618375.987479132,1021473.4174588342,0.02147925745393188,0.019361321447500725,0.0008115888172751075,126.20496661101835,1.0112588562278981,0.0,0.0,2
CINF,0.010143619571565224,0.00037301870906987706,596071.9232053423,296522.92716378934,0.008413088218659699,0.013265325978537157,0.00017248788285041447,60.03855592654424,1.0059672385632124,0.0,0.0,2
CL,0.010070599894173173,0.00018290115703728312,3294694.045075125,1465585.5603749144,0.004494024067367095,0.012389469363605948,0.0003600908006333816,67.92987896494157,1.0140105695108685,0.0,0.0,2
CLX,0.009802204456098425,0.0004035734773887656,980643.5283806344,520442.70745795296,0.008807037072313664,0.013259689404626537,0.0003644215786342406,112.78134390651084,1.0135521572013868,0.0,0.0,2
CMA,0.016051024322780456,0.000886405715911733,1919429.3839732888,996851.620040454,0.019191129738891942,0.020572888390330422,0.0006021650465396377,52.456790484140235,1.009380235525669,0.0,0.0,2
CMCSA,0.012233647928106432,0.0005905337907598749,24176569.83472454,13155939.971972605,0.012970140578715128,0.017187988165691424,0.00026164256269885076,30.473282554257096,1.010221798016813,0.0,0.0,1
CME,0.012327010224046317,0.0008692678010868296,1605110.2562604342,756571.4725930816,0.017175680793121994,0.016932663972585256,0.0006883646459573078,97.09346994991652,1.0118025886960527,0.0,0.0,2
CMG,0.019151248878771798,1.1327334659963666e-05,833100.5166944908,768801.2781694216,0.002446288128739122,0.021885591708172357,-7.899266592903596e-05,501.5498864774624,1.0244333383789812,0.0,0.0,0
CMI,0.014337335627569605,0.00048350539970030396,1621138.5776293823,912811.9995876628,0.01047948367654962,0.017947880389296914,0.00048264705746078423,135.64892320534224,1.0062928163725657,0.0,0.0,2
CMS,0.010359200503926249,0.00036702436045349136,2349777.399833055,979289.7168683623,0.007978461336840353,0.014974398886213502,0.0005928246934655281,36.71549248747913,1.0071725584615465,0.0,0.0,2
CNC,0.020505677554846207,0.0014376597520058744,1600208.220367279,1563479.5377925718,0.028958239421335245,0.026065997385162683,0.0006999964914077666,57.96299666110183,1.01617785340259,0.0,0.0,2
CNP,0.011758672691384775,0.00014008751039420577,3729196.6302170283,1858503.4983426267,0.003314128441125009,0.016621958834417958,0.00040053733746239415,23.584211185308845,1.0132974524004843,0.0,0.0,2
COF,0.014260120371313008,0.0005288334379248978,2998426.245409015,1342218.7299790962,0.012146751967523031,0.01673673164834976,0.00026990014520886484,77.83576794657763,1.0041749665999085,0.0,0.0,2
COG,0.02156027947878978,-3.900428456270568e-05,6104414.051752921,3463397.35483583,-2.1760924236481153e-05,0.029890823619093582,-0.0001111249516515659,28.485020868113523,1.0092202042373748,0.0,0.0,0
COL,0.012977516461391829,0.0006947726354629115,1034127.3514190317,1042849.9560877729,0.014559503927488908,0.014105240709577064,0.0005545690224024806,90.13792153589316,1.019029061656748,0.0,0.0,2
COO,0.013933223399258662,0.00068534814606554,461270.3196994992,414879.7561997628,0.014749580346407169,0.01875059200219448,0.0006014854892483704,168.24696994991652,1.0212379801952565,0.0,0.0,2
COP,0.019130820301282065,9.340155278788206e-05,7522332.770450751,3886411.0262176,0.00318551304906236,0.021972243751876057,4.984416094920189e-05,57.38295492487479,1.006399230141947,0.0,0.0,0
COST,0.010847526997536052,0.0004999762367904731,2334667.694490818,1490284.5379612572,0.010909341834766368,0.013414401901563722,0.0002522006510675239,144.28405083472455,1.012179604123016,0.0,0.0,2
COTY,0.021438681452949027,0.00031395018499810046,3041036.4793165466,5358026.178373402,0.007484369645473534,0.026311273467940526,0.0002373065528473879,21.049091726618705,1.0466778896659188,0.0,0.0,0
CPB,0.012459403465868454,5.6988840396056006e-05,1768720.0684474125,1068860.1302803992,0.0014555050407914617,0.0154581157595615,0.0005003253754249241,50.19969115191987,1.017086670474499,0.0,0.0,2
CRM,0.01918975251642686,0.0009752749443704498,5027484.136894825,3491258.847836882,0.01921685368186761,0.022685629806103672,0.0004971577491371044,70.38773789649416,1.0152834506013608,0.0,0.0,2
CSCO,0.013261413128976392,0.0006367748609603886,28261296.434891485,15874245.514501072,0.013105794264644107,0.015401275849802712,0.0006850692329499137,28.068301752921535,1.0052408679413756,0.0,0.0,1
CSRA,0.015744256907888624,0.0005440794901507653,1146481.328,717963.6637048209,0.010871991531650544,0.02056047850010217,0.00020425653692687508,28.93766,1.0043376278785967,0.0,0.0,2
CSX,0.01656624068132521,0.0007669503808044212,7764908.4507512525,5008194.671705963,0.016631413187087864,0.019654947348538912,0.0008514590123265266,34.34700751252087,1.01345011184314,0.0,0.0,2
CTAS,0.011241772020811502,0.0011005703681091674,604415.9499165275,355299.55713827704,0.022638886253808135,0.01426251795400645,0.0004567292618192006,90.57336477462438,1.0089670687271566,0.0,0.0,2
CTL,0.01764628936660055,-0.0004905129509855242,6636527.83639399,5412046.16429129,-0.009272865266921736,0.02040111004022327,-0.0007078696829712349,29.783818864774624,1.0167059269401857,0.0,0.0,0
CTSH,0.015736766464833248,0.0008023959798824608,4330379.737896495,2851896.85776378,0.015389303538990179,0.018451582451539876,0.0003191407948420022,56.29506093489148,0.9998925558750489,0.0,0.0,2
CTXS,0.017772516985160188,0.00043601898126702525,1951540.409015025,1422127.9119732326,0.0078603087257512,0.020185085631297825,0.0004151569633162333,73.17790901502504,1.01340896223171,0.0,0.0,2
CVS,0.012472866680445135,0.00028283388988036495,5594217.41903172,3186610.16851867,0.006543794038515349,0.015710955123497895,0.0002094248462454762,83.82106010016695,1.0112632081602555,0.0,0.0,2
CVX,0.013107485102256617,4.368861976007992e-05,7134683.372287145,3211191.323065259,0.0026832480136510777,0.015803066273808012,0.00018026429439916436,109.55081051752923,1.0101595998299717,0.0,0.0,2
CXO,0.022967205140852726,0.0007568321626556634,1457041.4574290484,1006348.5067594702,0.014471637883053888,0.030606614315835792,0.0005577934771241144,117.61465776293822,1.0079995140921476,0.0,0.0,0
D,0.01064388126329031,0.00022643259848935529,2646076.5993322204,1234983.6060593172,0.004537405575682485,0.014471897731285323,0.00036746065328242713,71.48740400667779,1.0171245582523845,0.0,0.0,2
DAL,0.019590005591404624,0.0010923819404315975,10862027.47245409,7635395.154087427,0.024579631632854405,0.026233642157324426,-0.00025618330661812856,41.4665734557596,1.0025111080132219,0.0,0.0,1
DE,0.013129980676219287,0.0005649138150540184,3003481.898163606,1674565.0275586701,0.012578587801100051,0.015523971038100283,0.0006636335667400339,95.09423205342237,1.0065434920989689,0.0,0.0,2
DFS,0.01333048826142612,0.0005039940730615996,2981968.782971619,1370671.4128654352,0.01167855070372889,0.016302865497151958,0.00031969161476921333,58.776352253756265,1.0036352646250588,0.0,0.0,2
DG,0.015895790502541408,0.0006281518473479834,3527036.1285475795,2635938.7700673393,0.013346694806290235,0.018463066710144884,0.0002651740057227202,70.58535475792989,1.011189218036209,0.0,0.0,2
DGX,0.012091754718253885,0.0005381613366397044,1367988.5041736227,943913.4329173915,0.011366920698758963,0.016061411416073076,0.0005893549819631123,75.33781302170283,1.009304972262731,0.0,0.0,2
DHI,0.018759375969025018,0.0006385322662748666,5331592.5492487475,2850379.715419159,0.015292569992281365,0.025256600725548948,-5.1517121627940116e-05,28.654040066777963,1.010003116326862,0.0,0.0,0
DHR,0.012157381403250579,0.00046217547826936487,2904133.1822033897,1446935.502264488,0.009809709625759831,0.012445450952136011,0.00019804979683619192,82.46052542372881,1.0120827549888778,0.0,0.0,2
DIS,0.011632732115606996,0.00047670626356849675,7636668.955759599,4230793.599990503,0.01097037184067923,0.014336502391973996,2.3734725001934928e-05,94.72285475792988,1.0092646713551126,0.0,0.0,2
DISCA,0.02342237000083329,-0.0006654722576871052,3143861.311352254,2309278.5072708484,-0.013614203639089398,0.02524382219367698,-0.0002489161351914301,42.23568530884808,1.0229946030404327,0.0,0.0,0
DISCK,0.02309672184124366,-0.0006273623987407898,1772670.2437395658,1530135.681989351,-0.012460038172484958,0.024220189603860014,-8.07757711269655e-05,39.91153005008347,1.0303407531962818,0.0,0.0,0
DISH,0.01722663097818305,0.00021518181038393007,2288838.427378965,1913137.2752286452,0.005617103150946567,0.02387129972167155,-0.0002827636229410907,57.71841819699499,1.0108950671294672,0.0,0.0,0
DLR,0.014876690236295592,0.00046474721451092877,1428891.4524207013,1272920.155711002,0.009041817191773372,0.01959331839434984,0.0004228328196077832,80.03140233722871,1.0167997435919125,0.0,0.0,2
DLTR,0.014925950985400116,0.0007749153668053475,2537391.915692821,1846976.7426016426,0.01681718521303147,0.020046922576667802,0.0002035855985296088,72.19009766277128,1.0164798993511521,0.0,0.0,2
DOV,0.014984051285419464,0.00038654978225738205,1356567.1427378964,739778.90656724,0.008117781338423008,0.018307905685520473,0.0005781367552368075,78.14191986644407,1.0119374220695172,0.0,0.0,2
DPS,0.012240916909298485,0.0008031307411203231,1379287.9791318865,924600.2070893414,0.01391810746704345,0.013657508690622835,0.00046824969841299596,76.42531719532555,1.014576946592156,0.0,0.0,2
DRE,0.012244858207332475,0.00035589792088822086,2492867.126043406,2651755.5669321474,0.008290765736294373,0.017473523400760988,0.0003266450368654821,21.65223706176962,1.008176762575177,0.0,0.0,2
DRI,0.014123617316307948,0.0005830237727299565,1662340.84557596,1036563.5400018826,0.01286542940156894,0.017518797696898722,0.0003896552580395484,64.3829716193656,1.0130927057669012,0.0,0.0,2
DTE,0.010124219648841479,0.00032653817843738176,1044743.3480801336,432906.4424755004,0.007114124899783278,0.014416326867354097,0.0003372087570063764,86.08675292153589,1.0093110729635202,0.0,0.0,2
DUK,0.009853981862572856,6.672664348202752e-05,3139040.094323873,1194144.5707878235,0.001872186760794761,0.01393188340563905,0.00019783026638055582,76.68031719532554,1.0121437516595164,0.0,0.0,2
DVA,0.01403816427730902,0.00028582321761083077,1431302.2370617697,1000148.8045271599,0.005957487449514109,0.01611173767053208,0.00019999835161576694,68.88432804674457,1.0105313813985048,0.0,0.0,2
DVN,0.02485114958698536,-4.292218122904286e-05,5177123.014190317,4374364.407862688,0.0020467218683591355,0.030252942130261865,-0.00035831967986096967,49.788284641068444,1.0102549031259331,0.0,0.0,0
DWDP,0.015227733992854632,0.0006295857440406644,8111691.145833333,3677729.507564005,0.02361581104326942,0.018023703412758465,-4.2611834819799785e-05,73.00458333333334,1.0878197349522576,0.0,0.0,0
DXC,0.012300371146033672,0.0014595522960225487,1545249.7662337662,669519.8594776347,0.036367760540342214,0.01569863976125224,0.0002589191862475708,89.47824675324675,0.9736999974232715,0.0,0.0,2
EA,0.0200946548591458,0.001789418419386851,3746019.5025041737,2288068.193371417,0.03567621569035328,0.024070522180061497,0.0011183076313434062,63.76020375626044,1.0215300037463755,0.0,0.0,2
EBAY,0.023087046581583934,0.00016255232856709516,10899276.692821369,6535878.093447383,0.0010729047782865075,0.019203542813493957,0.0005428534970674325,41.7391368948247,1.016350030223292,0.0,0.0,0
ECL,0.01089829600409097,0.00042190923773360357,1095934.2053422371,507321.9052598584,0.00922910342049075,0.013421610133089717,0.00038437813703108933,114.09807178631051,1.0093220724911343,0.0,0.0,2
ED,0.010022531778699063,0.00020938078523634522,2003147.3589315526,914798.2858951291,0.005004748734990382,0.014236385941521781,0.00046500963109392783,67.57541736227046,1.0120923704005425,0.0,0.0,2
EFX,0.0156811927999497,0.0006585311186743829,812542.5575959933,1199662.7289918605,0.01390750592154372,0.015029124434127275,0.0006705343486569713,99.4662938230384,1.0152583936020472,0.0,0.0,2
EIX,0.011658669887139749,0.00020081157340076923,2115738.280467446,1118281.6988198552,0.004238080660112198,0.015884827093950067,0.0004223473991518652,63.79542153589315,1.0132487866173674,0.0,0.0,2
EL,0.01228597922136145,0.0006370482740890526,1799774.1377295493,998562.5567160981,0.012376499386279691,0.014901762242114062,0.0002778565811328952,84.86170283806345,1.0143115624580203,0.0,0.0,2
EMN,0.014882037039173943,0.00041774154278519104,1369273.543405676,658873.389627238,0.007866287315554187,0.018851863406880623,0.0003216560257214221,77.6073038397329,1.00817190920897,0.0,0.0,2
EMR,0.01237759329252439,0.00023470245074590424,3750155.9916527546,1670143.7574392857,0.005980175088049282,0.015833288988275275,0.0003219737964814795,58.84422787979966,1.007295529193296,0.0,0.0,2
EOG,0.018657157669619378,0.0006253287140990875,3885942.899833055,1773854.0353619028,0.013349884912580368,0.02450999096170659,0.00027456276732526215,89.64461185308848,1.0049424302732812,0.0,0.0,2
EQIX,0.014220350480260213,0.0006813380436959724,740427.1193656094,606531.9515095213,0.013703190606605409,0.02043883126880257,0.0004902282605686846,294.13188647746244,1.0089970117844762,0.0,0.0,2
EQR,0.011380701686200933,8.582696708051902e-05,1915812.9916527546,830079.1777568053,0.0019345318493560698,0.016382674260546168,0.00014602577354150219,66.07707846410685,1.010684427742288,0.0,0.0,2
EQT,0.020343338651533,-0.00014562500804042678,1949823.85475793,1526121.9287857164,-0.0007782886642432401,0.02676354517508927,-0.00039530239904103133,75.89171118530885,1.0175302077252872,0.0,0.0,0
ES,0.010641160175901321,0.0002780034320821282,1615328.7818028643,684258.0242864452,0.006231797053899701,0.014898925804583851,0.0005949175341233541,51.70277590564448,1.0139837821906614,0.0,0.0,2
ESRX,0.013608818620969833,0.00028432461216599105,4344347.212854758,2349812.4509591423,0.0072554775284075414,0.018128236643933402,0.0004865395587555418,72.99131343906511,1.007165513428592,0.0,0.0,2
ESS,0.011458961018661189,0.00035408902982842996,384187.35809682804,565935.408052453,0.007824407682170591,0.017477092194197942,0.00021646371387335089,210.46633555926545,1.0140225418572593,0.0,0.0,2
ETFC,0.019047589112357183,0.0014942077441400014,3337126.780467446,1903399.1736898716,0.03133470611787499,0.02497249460620296,0.0008296445590548247,27.580548414023376,1.0099761233333042,0.0,0.0,2
ETN,0.014543124226863748,0.00034530743209499986,2800920.3831385644,1320521.0397720372,0.007740593183910044,0.017364181816522765,0.000399638587220521,68.13067612687813,1.0074364773810194,0.0,0.0,2
ETR,0.01120169919971064,0.00011699383542088675,1425247.3205342237,606042.7088255518,0.0029717438429696682,0.016079418463755133,0.0003142084710279202,73.8824958263773,1.0041981624122407,0.0,0.0,2
EVHC,0.030416249003952876,-0.002160071087375787,2458774.1737288134,3528835.0888482668,-0.04543709933712899,0.02992108037296406,-0.0011536947460488102,48.71362288135594,1.0281637531530043,0.0,0.0,0
EW,0.018182706245578897,0.0013207525118985202,2047938.9273789648,1393222.093361578,0.023709100172217522,0.020670080673714248,0.0002443531804207349,75.2433430717863,1.0084298219471948,0.0,0.0,2
EXC,0.01326261050014597,0.00011668455946692974,6546810.805509182,3178188.922802092,0.0022941434976436904,0.01818051590066104,0.0003920904161300213,33.671410684474125,1.0071755255951242,0.0,0.0,2
EXPD,0.012062521037964943,0.00048193955687896473,1343644.2996661102,733088.5351424697,0.011160152595008497,0.01641285149232383,0.0009212106367849865,48.334356427378964,1.002516823748814,0.0,0.0,2
EXPE,0.02157940032825337,0.0008898455929126321,2296571.7888146914,1765854.8002527182,0.016066784635371853,0.02316344022054718,0.00014357517828812006,101.9291452420701,1.011669822431108,0.0,0.0,0
EXR,0.013045228545733032,0.0005765250621663353,939700.070951586,794492.0221412478,0.012857649460501688,0.018348792041478025,0.00019708001343590802,68.02338063439065,1.0112988823111724,0.0,0.0,2
FAST,0.014914428084903696,0.0001968360958943228,2477573.439899833,1524388.562556998,0.0038197870309449673,0.01970040072409117,0.0002915368595184922,45.31517612687813,1.021108293524099,0.0,0.0,0
FB,0.020052220985546872,0.0017851884347675686,34090169.649415694,27070616.964682993,0.03622890256373546,0.0220169183294513,0.0003087984656010942,99.885749081803,1.0088451628180337,0.0,0.0,1
FBHS,0.01505906436060959,0.000505406917013439,1320724.9991652754,1119616.2186150358,0.012918086167884915,0.02020339974708412,0.0006751687522739154,51.14053839732888,1.0114419387182372,0.0,0.0,2
FCX,0.034630430981279464,0.0001614452885071348,23882045.909015026,17383762.03863317,0.007878120267209326,0.03784778960705563,-0.0002772887851749419,20.200734557595993,1.0091286428733752,0.0,0.0,1
FDX,0.013138592105930087,0.0008835726447893359,1809333.772954925,1026024.8595096577,0.019156650438339796,0.015964021771003027,0.00056670312781871,165.34534223706177,1.0111624079892452,0.0,0.0,2
FE,0.01367579275602841,-0.00020506492280562993,3941611.4457429047,2186636.0477180546,-0.004779631438069577,0.018287231503190345,3.865317427769376e-05,33.623372287145244,1.0206090781815964,0.0,0.0,0
FFIV,0.016954763323399027,0.0006358677121599113,1108766.4791318865,786688.7326998884,0.013502871947913048,0.02101534427623485,0.0006169190206782048,114.59370208681136,1.0125732152660083,0.0,0.0,2
FIS,0.012094727017614085,0.0007505655245214317,1540016.237896494,983502.6278073927,0.015778313559605326,0.013816495450751988,0.0007424742402749248,67.27780884808014,1.0097465967047263,0.0,0.0,2
FISV,0.010315124281959744,0.0009768381992748985,1067198.2512520868,513502.75013201457,0.02005363991157548,0.014001015790676832,0.0010427808766366776,87.37252295492488,1.0056218242510029,0.0,0.0,2
FITB,0.014728628110729669,0.0006227581343842554,7374820.848080134,3196502.463003984,0.01358250069600414,0.019366591215278877,0.0003215840055277395,21.542111853088482,1.0053003408903705,0.0,0.0,2
FL,0.020829718651871238,0.0004764806069901957,2446579.8622704507,2281058.5018536253,0.010979216925511313,0.022045105618736193,9.568956024070779e-05,54.65578464106844,1.0170322051226595,0.0,0.0,0
FLIR,0.015083739988827687,0.0006829883777451204,930488.6585976628,576834.2306216512,0.014326034288316252,0.018871373060219777,0.0007014486639900311,33.3045734557596,1.007668801324267,0.0,0.0,2
FLR,0.019225530521341423,0.00014240574797214181,1481956.052587646,735190.7254747791,0.0029043234650200675,0.020842313180928905,0.0004907214791147202,57.593664440734564,1.0060148500791364,0.0,0.0,2
FLS,0.017413953486136228,-4.4276872232038706e-05,1282291.8856427378,678121.0679212101,-0.0002614275908355601,0.02090193340288999,0.0002531553178488964,54.42674282136895,1.0132124168873415,0.0,0.0,0
FMC,0.016556531604751224,0.0004240720926776848,1164439.7495826378,774468.9732294165,0.010144409859604736,0.020318572082612826,5.6132254950930204e-05,62.063714524207015,1.014709853366704,0.0,0.0,2
FOX,0.014675249154005905,0.0002148106928368681,3672491.692238267,3338298.6886036545,0.004528050617594726,0.01971229306659262,0.00035553650700515373,30.50588537906137,1.0243804531558798,0.0,0.0,0
FOXA,0.015041453211679465,0.00023046721082587907,11858258.24368231,7557963.871164339,0.004946259789536125,0.02035517831610331,0.0005578248960945852,30.90864440433213,1.0147339033341514,0.0,0.0,2
FRT,0.011031860645090931,2.3983510166268352e-05,424549.53422370617,445012.0707724526,0.00198304649232179,0.015966592889191646,-0.00013686588468739613,131.15126878130218,1.0110387362543538,0.0,0.0,2
FTI,0.019798566555128766,-0.0002622388382175713,3038516.8046744573,2472349.3934679097,-0.004264312951698502,0.02496830961191181,-9.598253045901927e-05,39.59974123539232,1.0182193156430377,0.0,0.0,0
FTV,0.010393527048594638,0.0010513864008014544,1378092.5131195334,676137.0933251743,0.02248779650262093,0.014496705384884958,0.00014520429922167466,62.85962099125364,1.0112995075891087,0.0,0.0,2
GD,0.01088074254470338,0.0009257838854408014,1540146.5684474125,795317.4259566976,0.019755118053849514,0.014205756327248254,0.0009051156564155863,142.76484140233723,1.006419662263377,0.0,0.0,2
GGP,0.014281754894231532,3.620822503421952e-05,4750857.142737896,4308523.469668854,0.002736848355657041,0.01933151893462484,1.3963126652282544e-05,24.773606010016692,1.0149230689289652,0.0,0.0,0
GILD,0.01755152291674501,0.0004808168495804511,11155737.689482471,5707179.338219702,0.010270055575630446,0.022632583537048483,-0.0006461836497225118,84.25423789649416,1.005615545309266,0.0,0.0,0
GIS,0.01034237137114787,0.00015179579377533578,3297923.470784641,1506940.401741055,0.0035028152938379295,0.013245157141877961,0.0004668715094971329,56.028514190317196,1.0102649460343869,0.0,0.0,2
GLW,0.014606269320941398,0.0006861776245908018,9205539.945742905,5003998.20574123,0.01688908762713286,0.017842048093239634,0.0008892125933265084,21.944357262103505,1.0061207980706635,0.0,0.0,2
GM,0.015153212316005776,0.00034367270776507647,15250602.155258765,8051879.855990213,0.008316016154238541,0.019862037188112733,-0.0004913085168148991,34.84779632721202,1.0087007395805825,0.0,0.0,1
GPC,0.011600392381563185,0.00028281670097250435,744079.5091819699,428518.20913515304,0.006549658064045596,0.01501732811921389,0.0002576055972410979,90.19934056761268,1.0096894671383807,0.0,0.0,2
GPN,0.015436359529193824,0.0013750498767290014,1383830.100166945,1379792.8159896263,0.028177241316213554,0.018054351160912547,0.0006870742197189247,58.6225041736227,1.0130879364383498,0.0,0.0,2
GPS,0.02026010370585762,5.870165757860342e-05,5198054.993322204,3128414.2241923492,0.003092460355073163,0.023809272972099126,0.00025875373982876083,32.86589315525876,1.011287000852982,0.0,0.0,0
GRMN,0.016475471327171986,0.0006097636737708374,1320748.7295492487,956205.6326360937,0.012608720058774902,0.019572145837536418,0.00040832392571766077,48.045663188647744,1.0107112242148566,0.0,0.0,2
GS,0.013745278617305992,0.0005583438002938012,3202438.332220367,1462401.4748189284,0.011774144593061708,0.01714639981014087,0.0003038310844770779,189.42429048414022,1.0095901801929075,0.0,0.0,2
GT,0.018196180011897798,0.0009628935792814594,3560887.660267112,1931148.3507690325,0.021011079031217902,0.02449384664337322,0.0006776667371180492,28.185461519198665,1.0055905809411625,0.0,0.0,2
GWW,0.014966336919719311,0.00014504642094173657,640145.1702838064,450829.22600848676,0.0026340182001485636,0.01875610355621488,0.0002343712504884908,230.37116861435723,1.0229168825304624,0.0,0.0,2
HAL,0.019216598675676714,0.0003197980709252896,10621400.078464108,5862028.973508155,0.008400232437279257,0.02516863126918383,0.00028553883993851035,47.28439899833055,1.0065037346161256,0.0,0.0,0
HAS,0.015082958741684383,0.0006883057955879676,1292406.7437395658,899428.1951879397,0.013554849051628603,0.01820553548011261,0.0004348097935606734,72.22175626043406,1.0198949659301253,0.0,0.0,2
HBAN,0.015016801133994324,0.0007398367355327825,10292249.431552587,5940576.146870036,0.015547473528508729,0.019874533854434356,0.000373238992565295,10.787677629382305,1.0130106769716738,0.0,0.0,2
HBI,0.018703848070501294,0.0006421106558885865,3900867.3155258764,3308046.568917856,0.012604887081909034,0.021318360024292132,3.53454088631677e-05,24.08067404006678,1.0204088723639824,0.0,0.0,0
HCA,0.016595412536415808,0.000862985434285446,3154833.898163606,2913319.878998172,0.016825593918281038,0.023018297521796873,0.0009150524658897764,69.65047579298832,1.006934855031458,0.0,0.0,2
HCN,0.012944191020651467,-0.00014299394319318494,2167447.1410684474,1148537.9382523345,-0.0015137556734464502,0.01712185500087171,-7.910368338796474e-05,67.71642320534224,1.0109561360458639,0.0,0.0,2
HCP,0.014907142428001554,-0.0005766021101046803,3400280.220367279,1630047.4356435118,-0.010585192945267108,0.018541618766134704,-0.00047281411778101156,36.86093489148581,1.01418048958591,0.0,0.0,0
HD,0.011125342763688512,0.0008397303555017078,5543998.35475793,2361049.8542736894,0.017788969491717696,0.014638081697986399,0.00031979246882115904,117.14611853088479,1.004573824348909,0.0,0.0,2
HES,0.02174463886262601,-0.00014372027975797336,3615534.569282137,2066813.6008820746,-0.0003437028552199336,0.027228950227414592,4.557157286715633e-05,64.18566777963271,1.0109620602042593,0.0,0.0,0
HIG,0.012625021511001972,0.0006154334084376215,3101877.569282137,1593059.692180502,0.013351434238053959,0.01590659608460711,0.0005808920278935547,42.586719532554255,1.0008000519213307,0.0,0.0,2
HII,0.014705894685218992,0.001318225741143693,337370.6861435726,303511.79149096797,0.027913336316611706,0.018967523464446044,0.0009045811394040167,137.89766277128547,1.018178241107801,0.0,0.0,2
HLT,0.010613628472295687,0.0015314820189458866,2555216.530232558,2465983.9706271705,0.037185903688123204,0.014984598869013332,0.0003985744894017979,68.63967441860466,1.0166327116780332,0.0,0.0,2
HOG,0.017497534906095815,4.7368575653773914e-05,2167702.150250417,1918890.3842095078,0.0020078899519316152,0.020542321340655416,0.0004733881869474388,56.85150250417363,1.021337039314658,0.0,0.0,0
HOLX,0.01533738601082792,0.000677873879026726,2743451.9040066777,2484085.568204096,0.013957132726462953,0.019815266321590006,0.0004417663074885642,32.84983639398998,1.0136076657629949,0.0,0.0,2
HON,0.01046475376346464,0.0006292699511996973,2959444.495826377,1355944.3935380378,0.013369898349018486,0.012896186687531546,0.0002806740510386861,107.88177796327211,1.010405619546247,0.0,0.0,2
HP,0.02291278849556658,0.0003436319138791238,1786359.9348914858,893472.2307352131,0.007968057928452212,0.03006729756138372,0.00039817034997253505,70.07000000000001,1.009913562356256,0.0,0.0,0
HPE,0.024457812035867447,0.0007217511093729525,11511986.046153845,5805466.765008638,0.010257498167624066,0.023282563268819906,0.0025209938449064213,18.424980769230768,1.0144080611439088,0.0,0.0,2
HPQ,0.016512523232967414,0.0014943675336044646,11922634.107692307,5125766.392756466,0.030158870100471132,0.02115353762096664,0.0017765936899026848,16.335153846153847,0.9952259041621062,0.0,0.0,2
HRB,0.018283135596626865,6.552299972525909e-05,2839542.447412354,1933301.4078824683,0.0019038069169255124,0.020760958269036987,0.00018449444611978697,28.815200333889816,1.0175782122069494,0.0,0.0,0
HRL,0.012486819621082891,0.0004607395779402752,2097075.4273789648,1197864.465909642,0.010128319829183177,0.015633531754724192,0.0002983431819989921,30.34623121869783,1.014046456028344,0.0,0.0,2
HRS,0.01237103446911723,0.0010450727346953963,792985.1602671118,495730.2261472977,0.021875948080576062,0.015583170154573195,0.000762199021267733,85.62052587646076,1.0086999688402711,0.0,0.0,2
HSIC,0.011875451250048128,0.00047055739057341397,1041185.0642737896,1093003.9327644096,0.009858365051272838,0.01578416685292745,0.00021355854965654378,71.1417529215359,1.015553324313261,0.0,0.0,2
HST,0.014845383158816556,0.00015374990465753363,7635334.00918197,3383358.7595710726,0.004313165838946357,0.020933806787762306,0.00015531020494592856,18.8366285475793,1.0059741310339474,0.0,0.0,2
HSY,0.011918971433067783,0.0001814555650850928,1136689.3747913188,826654.5537554983,0.004542498231400479,0.01405281471980142,0.0007050090847676508,98.7818530884808,1.0105215611466438,0.0,0.0,2
HUM,0.016349695390487456,0.0011930687853216292,1365963.3063439066,1074517.2919720972,0.024317879208688376,0.02053582370147248,0.0012738334191139005,167.23105175292153,1.0089306055315814,0.0,0.0,2
IBM,0.011728974046595361,-0.0001534344226708696,4360283.593489149,2345257.002431763,-0.002269401411476135,0.013383476317221475,0.000170360314326959,165.35429465776295,1.0107495026320719,0.0,0.0,2
ICE,0.013495725810847282,0.0007177454843786759,3574564.722548198,1887912.6030550238,0.01538337230251507,0.01722744468228304,0.00034730390136072866,49.59630678960603,1.0060608011207788,0.0,0.0,2
IDXX,0.015857027885272528,0.0013240177632676683,710366.3797996661,735262.5834639224,0.026143460821211603,0.020252146095254817,0.0007904821769046139,91.3414323873122,1.0074985700059824,0.0,0.0,2
IFF,0.012214053210934401,0.0005757697025930957,450620.805509182,270283.07107470115,0.012664382795907841,0.015188696250263442,0.0004244294997324898,113.63298831385643,1.0142397981010918,0.0,0.0,2
ILMN,0.024175009690131234,0.0013047818149883239,1351361.0901502504,1212978.1030800815,0.029199428424472082,0.029173603149234364,0.0008263020586040799,162.1893797996661,1.01126013805055,0.0,0.0,2
INCY,0.029924232210222376,0.0015771500699925485,1589585.898163606,1432807.2872731972,0.03270202223251508,0.04127494187040406,0.0007743677446723484,83.17088739565943,1.0146301427586013,0.0,0.0,0
INFO,0.01341536475533218,0.0008210338826639551,1460107.9322429907,2501364.85540655,0.016512283690761496,0.019513000808278926,0.0012779273813379585,34.38393107476636,1.04227200133958,0.0,0.0,2
INTC,0.014024829970794002,0.0006242152440329561,28561002.43572621,13963792.740031172,0.013386806773370235,0.01710923190608907,0.0008198216062152084,32.32413789649416,1.0058238653024874,0.0,0.0,1
INTU,0.012660180624337122,0.0008937770963601614,1663113.5133555927,907257.8141618288,0.01792571082017938,0.015951963425225365,0.0010459161169860888,100.83088731218699,1.0014560123812617,0.0,0.0,2
IP,0.013962347444138065,0.0003156142117808863,3099081.870617696,1507317.0641624625,0.00657922467174745,0.017998469958633752,0.00010709104034590333,48.72151085141903,1.004186991221097,0.0,0.0,2
IPG,0.014151008123312141,0.0004315016526237518,4442211.924874791,2551150.108345357,0.009210123195479045,0.01824010695646129,0.0003966437496121036,20.509633555926545,1.0118145592829357,0.0,0.0,2
IQV,0.013490991496117686,0.0007726588057455536,989380.8301056338,1291889.2337141223,0.016224544132996135,0.019740499137277427,0.0005496350263510224,68.79240316901408,1.0215297152202334,0.0,0.0,2
IR,0.01483263075941349,0.0005478614882292183,2030955.4432387312,925676.9897761791,0.010672700512888196,0.017098589619101774,0.000404069732523952,67.80180300500834,1.009806353670937,0.0,0.0,2
IRM,0.01666149819465198,8.724152036629458e-06,1683837.8397328882,1296154.3048568715,0.0020195326751840503,0.01921960058008967,0.00010418455320620135,33.42714106844741,1.0230108960623148,0.0,0.0,0
ISRG,0.017096861230760783,0.0008915322869183009,1122523.4081803006,950817.767477324,0.01851809050309878,0.01968148027131771,0.0006745580727135127,203.3463907345576,1.0150510201366485,0.0,0.0,2
IT,0.013523491588801645,0.0007506773106121801,460118.85392320534,632666.6295619502,0.015868709888281658,0.016291567071445565,0.0007300490097490658,88.420550918197,1.020614520782731,0.0,0.0,2
ITW,0.010135952258583093,0.0008153033858383075,1653288.090984975,726433.0229043106,0.017865755698714642,0.013156003980607895,0.0006245052052038268,104.19997078464107,1.0027818112690288,0.0,0.0,2
IVZ,0.01585860746335144,0.00015266241730822335,3301056.459933222,1539473.7059399066,0.005539607636495686,0.019051141951548355,-0.00036979457065349327,34.24180300500835,1.004473771597851,0.0,0.0,0
JBHT,0.012067071011382517,0.0004725979342634748,891041.3831385643,665033.2794256805,0.010256266727618198,0.0175803824044464,0.00037973200674544614,83.6254394824708,1.0110135473843351,0.0,0.0,2
JCI,0.013216338786507856,0.0001619741022893256,3754500.3155258764,2464125.3344701165,0.004366474647419756,0.01657184330429314,0.0004947277586021882,41.319893572621034,1.015147750984731,0.0,0.0,2
JEC,0.015071428658790966,0.0003063806437484628,1024928.8881469115,510878.9763615348,0.00724551309389625,0.01965725140147287,0.0004496264087910565,52.01782136894825,1.0121419073264633,0.0,0.0,2
JNJ,0.00907788937030935,0.0004107485858799828,7503081.9357262105,2836424.9597385987,0.009543133667872126,0.011897988028200617,0.00022400644905311607,108.67752086811352,1.006657658468868,0.0,0.0,2
JNPR,0.0178058309788958,0.0005032891960604576,5719461.28297162,3922617.932860144,0.010783133311552664,0.020229991609565057,0.0009136511399448432,24.903868948247077,1.010212710821642,0.0,0.0,2
JPM,0.01284569041844685,0.0007875764715744918,16236338.850584308,6338595.354359965,0.01578034974941245,0.015616421051069647,0.0004180600910678245,68.5544407345576,1.0039771069462136,0.0,0.0,1
JWN,0.018989377026307232,2.686344017964468e-05,2312393.3864774625,2157337.0867183646,0.0016920737736910393,0.022351055430702954,0.00043654750903072287,58.437003338898165,1.020615212841849,0.0,0.0,0
K,0.010797059851600795,8.055681742142163e-05,2070397.4682804674,1088902.8572644729,0.0013125870269285645,0.013537710561703867,0.00027547253299713397,68.01408597662771,1.0121128272159219,0.0,0.0,2
KEY,0.015571775197094304,0.0007297028940568137,11596266.798831386,5648394.933784561,0.015448782540921283,0.02006514059463943,0.00032705530766230024,14.393272120200333,1.0102939203395487,0.0,0.0,2
KHC,0.01216404112840227,0.00017417370068850615,3207680.3956228956,1851772.1836592886,0.0030362311538556833,0.015664519358855558,-0.00018141965545675757,82.85968013468013,1.0109977227466296,0.0,0.0,2
KIM,0.012987968678629702,-0.0003499067321610386,3422492.99081803,1733496.0906343265,-0.004502855030603312,0.018306934948311565,-0.0004873155477630926,23.65947412353923,1.0168089046748257,0.0,0.0,0
KLAC,0.016783174394427666,0.0006987805304721609,1518000.5350584306,1178032.6911245915,0.014457152526794389,0.018673323101153088,0.0005782607540938882,73.2990959933222,1.0093865701600793,0.0,0.0,2
KMB,0.010056538545293283,0.00012456114050104933,1766035.1444073457,800240.1903428264,0.0030454961070335343,0.012980204012190752,0.000332852206896969,115.6798080133556,1.010946727476156,0.0,0.0,2
KMI,0.019431239074687814,-0.0004904927804611755,14008849.71869783,15224172.200114435,-0.008425593188174424,0.022452711855532007,-0.0007338724185503842,28.635317195325545,1.0296396456941734,0.0,0.0,0
KMX,0.01830712385355071,0.0004546544322922037,2030643.359766277,1428603.763650104,0.011145824078548605,0.02185964501009609,0.00035498892916926137,57.02615191986644,1.01945813378128,0.0,0.0,0
KO,0.008683013977858308,8.767004936089554e-05,13672324.480801336,5490944.391727745,0.0023710552663448567,0.01125166404464642,0.00037912153718533983,42.21991652754591,1.005631371124882,0.0,0.0,2
KORS,0.023172884644018895,0.00038083057814334247,3355533.7846410684,3403440.0431107422,0.007840315310988782,0.024969937641661378,-0.00024328403236831308,59.11394824707846,1.0155866012351527,0.0,0.0,0
KR,0.01567263146322297,0.00056091898658237,8877531.118530884,6037460.406561321,0.012008556736109831,0.018668775489079276,0.00048375193046118915,29.132612687813022,1.016826904255585,0.0,0.0,2
KSS,0.021076729580715884,0.0004461000247710229,3450978.7495826376,2389666.988821044,0.009422895059607025,0.024561512888298928,0.0005547934627209638,50.98717445742905,1.0157739081380026,0.0,0.0,0
KSU,0.01673104761979116,0.00012713996966232013,1263277.0141903171,1028334.7803466698,0.0029535958949847597,0.02067536765046749,0.0001785639758591765,100.82197829716193,1.01757161679997,0.0,0.0,0
L,0.009673053304349323,8.590067499582097e-05,1061504.358096828,593223.542151019,0.0032955277180021186,0.012388335119080801,1.8775280426869045e-05,43.30190943238731,1.0099117238724062,0.0,0.0,2
LB,0.01892982722610663,0.00011778542985846676,2525927.867278798,2015704.631727268,0.0037424935541636602,0.022323213867531208,0.000506928901882568,67.47301752921535,1.013825995451956,0.0,0.0,0
LEG,0.012276155095935102,0.0003549458106229076,975683.8772954924,497958.1320245667,0.007473445342913974,0.01626259987152311,0.0003025010208933396,42.48766277128548,1.0142139064757234,0.0,0.0,2
LEN,0.017295487749048342,0.000467248051856611,3383832.0367278797,2091383.9597496078,0.011207336957821149,0.024155887767794877,-0.00030154134035527283,44.90777370617696,1.0116501201616248,0.0,0.0,0
LH,0.012379706606769878,0.0005694823506307899,887953.8656093489,552008.201389432,0.011436654949655043,0.0161684153851707,0.0004730827236880655,121.09363105175294,1.0076078226822074,0.0,0.0,2
LKQ,0.01553181628262475,0.0005291108607424037,1845415.174457429,2140843.3008942422,0.012974680751834366,0.020789549590395116,0.0001598756485032909,30.49157429048414,1.0111759775809663,0.0,0.0,2
LLL,0.01263902949085371,0.0008186823183557561,650239.868948247,392668.5351052498,0.017086200414713287,0.015583695213546404,0.0007624024967580705,132.42323038397328,1.0121232046514417,0.0,0.0,2
LLY,0.013209038780671286,0.00038714126874096776,4663759.418196995,2907745.124661438,0.00803361237634296,0.01673262789823008,0.00033144999380103955,71.75295492487479,1.0141342127234714,0.0,0.0,2
LMT,0.010168148537557683,0.0010495138059853696,1490267.7712854757,1093577.5292059444,0.021713155188297334,0.013535217960321174,0.0006030857439507713,212.62488313856426,1.0108683441778772,0.0,0.0,2
LNC,0.017561456595312643,0.0008571121290494599,1968529.3430717862,844426.5167965322,0.019133389841811586,0.021093010381051023,0.0005352680253469041,54.55313021702838,0.9997459107841074,0.0,0.0,2
LNT,0.03415134449518503,0.0007701461091514432,1246009.183639399,1562325.796785141,0.00850958007458309,0.014820824781270153,2.278258141766124e-05,33.18272537562604,1.0108352772295488,0.0,0.0,0
LOW,0.013486662526161788,0.0008409667434637757,5797629.567612688,2707132.6206810456,0.018084890226269648,0.017003848801599396,0.0005706372459744635,66.51923205342237,1.0059078166946283,0.0,0.0,2
LRCX,0.017533301829636264,0.0012803618513358463,2205816.2245409014,1226347.3817330336,0.027921859823602978,0.022223394957029952,0.0001424328833054743,91.71622370617696,1.0163844326576217,0.0,0.0,2
LUK,0.01444125639341017,-0.00010762150670799115,1670439.8005008348,897611.4993214576,0.00048133425762344014,0.01868852482692391,-0.00025716800274342046,23.509319699499166,1.013751710831277,0.0,0.0,0
LUV,0.017558903945733124,0.0013289563947911792,6806096.686978297,3319507.949326741,0.02953251110830851,0.02351379352588275,0.00040874137283679205,38.728163522537564,1.0079976542705216,0.0,0.0,2
LYB,0.017306050803160902,0.0006488523822371037,3434272.954924875,1622014.9943100794,0.013901208958926629,0.021991227669566647,0.0001938462925746286,87.58108514190317,1.0055559872315125,0.0,0.0,2
M,0.020776975998530556,-0.00031884096765965393,6422840.230383974,5054558.185140988,-0.003964070127295005,0.023794724181352936,-0.0005778271867733629,45.18451168614357,1.019292432184241,0.0,0.0,0
MA,0.012687397703564482,0.0010225867103882487,4531303.380634391,2569521.388296325,0.020311571787208844,0.015566721460779873,0.00031940036831069597,95.21886894824708,1.0072827348270197,0.0,0.0,2
MAA,0.011639351855959275,0.00026084401898771053,614324.2821368949,875443.2766656926,0.00623530504626454,0.016885856820460697,0.0002872346479245076,84.0951752921536,1.0172923412679622,0.0,0.0,2
MAC,0.014081434164235757,-4.419004742014699e-05,1187504.590984975,1229035.9792536946,0.0007163313718065139,0.018497441840656242,0.00012850487109782862,70.02154424040067,1.019810272084028,0.0,0.0,0
MAR,0.013376205890220297,0.0010733757879735591,2671324.9323873124,1641085.7418736476,0.022362107306073426,0.017507783819835348,0.0009734362531786651,74.44588230383974,1.0092653509077254,0.0,0.0,2
MAS,0.016257175305349997,0.0006947239448166038,3899274.4565943237,1977838.3089059254,0.015887649704850015,0.02098245329256477,0.0001520647125617945,28.553606010016697,1.00405021874846,0.0,0.0,2
MAT,0.020490176557345603,-0.0006191613617309395,4905284.934056762,4526929.177762989,-0.01340493582969129,0.022856728669987548,-0.0003307868514618434,30.26636477462438,1.028604397454463,0.0,0.0,0
MCD,0.0094212752949274,0.0004460578380150389,5174385.467445743,2606784.800458358,0.00960632155130141,0.011809510407095162,0.00039667719443286755,114.92580968280467,1.0097315076965756,0.0,0.0,2
MCHP,0.014996235848115625,0.0008632703416679854,2219365.1978297164,1775814.7663038431,0.01791312583165478,0.019192032301745994,0.0003081701513008022,55.30893572621035,1.016825922576718,0.0,0.0,2
MCK,0.0164653210038102,0.0004259256723855498,1577604.0275459099,1219663.5026473317,0.00988951723634943,0.019246624757368054,0.0002617513199599717,172.94488313856428,1.0154990801537864,0.0,0.0,2
MCO,0.013319133296622333,0.0008497977380995291,1027033.2337228714,518461.5072818598,0.019093735723308435,0.0169004823383376,0.0007385229807027653,99.74350584307179,0.9995408067419479,0.0,0.0,2
MDLZ,0.013159275933915755,0.0003850149204465332,8760116.520868113,4009638.317748488,0.007003740150742415,0.016621304076483084,5.960172200452907e-05,39.56494156928214,1.00698757871284,0.0,0.0,2
MDT,0.011480513332236857,0.0005149275277756154,5732541.954924875,3530012.491318146,0.01108127054573642,0.014655923289652076,0.00046504748373099656,72.40920701168614,1.0115055947574731,0.0,0.0,2
MET,0.015896058316709042,0.00023209825933490663,6328615.569282137,2804566.342454378,0.007495467575777844,0.018509146011474666,0.00016106047438044796,50.06808430717863,1.0081093694215262,0.0,0.0,2
MGM,0.019778369354330604,0.000910868154909286,8597098.52003339,5461582.19938884,0.020123528356803057,0.02591832467215284,4.3113871128181945e-05,24.150141903171953,1.009464485490811,0.0,0.0,0
MHK,0.014407886971314473,0.0008101999585546458,675507.5851419031,416399.1097537453,0.016551206468828922,0.019254068927429785,1.9217817384896878e-05,183.498785475793,1.0085487444657866,0.0,0.0,2
MKC,0.010586498902267651,0.00034780528303249373,716709.2378964941,437607.4122973731,0.006811474881317804,0.013577925565072976,0.000415514103488844,83.98097662771286,1.0247286534997242,0.0,0.0,2
MLM,0.018304775826551493,0.0007314337130360402,730758.8021702839,681589.9083308852,0.017315927432603732,0.024090534147769873,0.0003283780760817712,158.34364774624373,1.0217680521532235,0.0,0.0,2
MMC,0.009496367521781518,0.0006738106032663873,2034275.6510851418,789776.2253329259,0.013879479168540624,0.012030866228224793,0.0007585776049770415,59.91723706176962,1.010433107778154,0.0,0.0,2
MMM,0.009816396969194823,0.0006937229980253987,2281964.762103506,971293.2799057724,0.015004929342378341,0.01176625075516814,0.0007024405234834325,163.01081803005007,1.0067000862759343,0.0,0.0,2
MNST,0.019495529101852153,0.0012104807351687623,3656155.6410684474,3018508.3658424434,0.024322833454340963,0.021372063722809073,0.0002680037826554385,40.141950500834724,1.0071804322206863,0.0,0.0,2
MO,0.01028200858135891,0.0005640813762686045,7045828.765442404,3208284.586914651,0.012328641406332202,0.013692536336725156,0.0005651845706414557,54.70827212020033,1.0083251467402776,0.0,0.0,2
MON,0.011950366383448699,0.00016045009319733483,3051889.646911519,1902498.6446966464,0.003412243779120686,0.014179675558502667,-4.5730788774066324e-05,108.9390734557596,1.0147597521446146,0.0,0.0,2
MOS,0.0205360925517275,-0.0005309385562217388,4440233.760434057,2800347.648450985,-0.009605631455278782,0.025265578710661252,-0.00046511288374176445,36.935358931552585,1.0168513058012132,0.0,0.0,0
MPC,0.02191957703232309,0.0006506269425753915,5805106.661101837,2476694.805780852,0.01354663971211292,0.027953685071446074,0.0002972131790036578,46.283096828046745,1.0023563260496862,0.0,0.0,0
MRK,0.013794801033064208,0.0002690764134812546,11061955.388981637,5591146.74296866,0.005132600153324499,0.015184750447177882,-0.0001444749967917668,56.910863105175295,1.0067479509155128,0.0,0.0,2
MRO,0.030159139929485303,-0.00010830400807989243,11996777.39148581,11416046.297598597,-0.0004662927733413787,0.03319585931415979,-0.0005754319921498854,23.35987061769616,1.0135697333499532,0.0,0.0,0
MS,0.016137973019718636,0.0008380098519020353,11683913.271285476,5195611.124777562,0.01836400035434864,0.020372862949566313,0.00022324415815698598,35.33360183639399,1.0013511514785507,0.0,0.0,2
MSFT,0.014243977687884643,0.0009326691411690346,33007538.550918195,18977686.702929776,0.019663034763554424,0.01619903951548247,0.0007356777883584949,52.13428505843072,1.0054897581182063,0.0,0.0,1
MSI,0.011894066721993954,0.0005635631907512103,1530848.9390651085,1119726.690053005,0.009396701614839994,0.014798155156807867,0.0005561127760983166,70.82242904841402,1.013529662200858,0.0,0.0,2
MTB,0.012493466285874307,0.0005818440921966722,831439.8247078464,442962.7657626084,0.011711529899129882,0.016079156906509084,0.0005338015771644677,129.3568614357262,1.0104409957835299,0.0,0.0,2
MTD,0.013565829208493575,0.0009735462877543285,168706.06260434058,171366.96789935758,0.021020588137029027,0.017800269957026146,0.000594944007705535,363.2727212020033,1.0046992841892874,0.0,0.0,2
MU,0.027415961244613585,0.001631332364713481,30189719.80133556,14948685.488671714,0.032082137924634324,0.03341007603453479,-0.0002800661438975708,23.65295,1.0107213163066715,0.0,0.0,1
MYL,0.0219193258319418,0.0005156980816897243,5737128.475792988,4134483.683923847,0.01196444586650537,0.028212206835674866,-0.0003056892355509567,45.72404924874791,1.0126814129368868,0.0,0.0,0
NAVI,0.021647392946288514,-6.418062177082653e-05,3162027.1357063404,1850347.7388492469,0.0004050530161995272,0.02903198074547947,0.000313869941070844,15.279338153503893,1.00997053482989,0.0,0.0,0
NBL,0.0218986435481434,-0.00034901903241335146,3869986.4983305507,2220519.9600668442,-0.005862195873360343,0.02793058358410527,-0.00012221358539407464,45.83586811352254,1.0164776472585688,0.0,0.0,0
NCLH,0.01931079352002139,0.0006909160552249489,1501449.9749582638,1526870.4432007747,0.014279225500216075,0.025462768002315575,0.00039201386976737035,44.809803839732886,1.0283698419046676,0.0,0.0,0
NDAQ,0.011851290520895548,0.0008609834295907109,1083218.0217028381,564062.5434952894,0.018365981808971688,0.01711553531444252,0.000888687492400519,54.67400667779633,1.00690792010157,0.0,0.0,2
NEE,0.010489131032885415,0.0005711517632021253,2051799.0242070118,842604.9805174416,0.011661461153863892,0.014744323907256258,0.0006157344495505382,111.13001669449082,1.0133287624951506,0.0,0.0,2
NEM,0.02524326679255287,0.00042667954941178957,7715450.08096828,3506188.185123041,0.00846618301840599,0.030440545370752997,-6.523924657680557e-05,28.540492487479135,1.0024518955270385,0.0,0.0,0
NFLX,0.026580113776892934,0.0021686017608177825,15411788.656928213,12074227.790955422,0.04472297336152559,0.029504029703444852,0.0007203654758643603,98.18768747913188,1.011721419882395,0.0,0.0,1
NFX,0.02699285777928499,0.0005788641852821445,3112908.7462437395,1853211.571169302,0.01420308142714861,0.03543495320355956,0.00028434460289411155,33.42460350584307,1.0100215488022708,0.0,0.0,0
NI,0.02154158176715704,0.00015010586190867333,2515204.609348915,1322798.587874548,0.0031948076300430893,0.016642194290237985,0.0007521295263203519,29.390705342237062,1.0103830857266511,0.0,0.0,2
NKE,0.013614222504535855,0.0006867602306365353,8430036.072621034,4584811.463157427,0.014176266126586914,0.0161525112066198,0.0003389250410170059,49.76045033388982,1.0121353281705672,0.0,0.0,2
NLSN,0.013763895113376739,0.00011546650184814936,2573576.783806344,2174915.473741446,0.002298303695459081,0.01701873086770271,0.0005226095668046443,43.940108514190314,1.0210120337402928,0.0,0.0,2
NOC,0.010941813355701532,0.0012680627702553885,1114819.2512520868,547603.6268066827,0.025979988176669307,0.014511771880752231,0.0007794994373711557,181.73415692821368,1.0038224814811398,0.0,0.0,2
NOV,0.020097467151054794,-0.00034304581193912557,4342409.770450751,2322383.5229959222,-0.006520680156391352,0.025402773168889906,0.00017886406435735206,51.4089816360601,1.0063552894825853,0.0,0.0,0
NRG,0.025873096385265925,0.0002651591710128111,5161865.732053422,3154039.8106094743,0.006032725657971893,0.03112062879200256,-3.1035768282703526e-06,22.306602671118533,1.0151744826829079,0.0,0.0,0
NSC,0.015560106773246617,0.0006285577210207454,1868040.347245409,893470.5101792773,0.013527074911492522,0.018363957959258145,0.000787647195915342,99.30793823038398,1.0090949490566168,0.0,0.0,2
NTAP,0.016936953492364206,0.0005535209244109971,3780408.6285475795,2465714.935283417,0.01345984261937152,0.02068317993484519,0.0010404626770695582,37.20579883138564,1.0023837251245171,0.0,0.0,2
NTRS,0.013447763586590125,0.0006190350619092076,1225406.450751252,575851.8565533533,0.013036725622883973,0.017428813470504043,0.000531556176147848,72.5439390651085,1.0103816847293583,0.0,0.0,2
NUE,0.016106126455474913,0.0004245014361964755,2382650.586811352,1067567.8667520327,0.00997838397145357,0.020877968710550338,0.00019093638859411498,50.9654674457429,1.011113930816842,0.0,0.0,2
NVDA,0.022714659640877138,0.0025816379908287384,10461676.014190318,7320542.869263399,0.053620956397021996,0.024901036937192568,0.0011947607150091582,58.410014607679464,1.0164785106368255,0.0,0.0,1
NWL,0.023048670304710275,0.0003389924631380899,3404925.4207011685,3841152.15151117,0.004642718933520207,0.018792175680004367,0.0002552923664517509,39.24218697829716,1.0292530943525022,0.0,0.0,0
NWS,0.014766826181532772,6.609060839005855e-05,937352.5415162455,939395.9018989395,0.0031779792829219433,0.020740534906505112,0.00010424282811423674,14.736281588447653,1.0061369958240933,0.0,0.0,2
NWSA,0.015225787492962458,7.18374701189656e-05,3135776.4711191338,1968680.0543272842,0.0032099794000528554,0.02167187090582962,0.0002547804280787997,14.656290162454873,1.0052466567746605,0.0,0.0,2
O,0.014660595930873897,7.592161083566752e-05,1969272.6788135592,1532446.5286065468,0.002998506670123755,0.01710258552625337,-8.389557638756223e-05,51.415207372881355,1.0138637481649497,0.0,0.0,2
OKE,0.023755341408324405,0.00042853368647659344,2348275.339732888,2127236.3771060873,0.00780156189179952,0.026776364343883155,0.0003923571948605446,49.418476627712856,1.0161471233692214,0.0,0.0,0
OMC,0.011484722525379729,0.00022358527024058403,1692044.3864774625,963812.998648848,0.005046336918678591,0.015241862066359463,-6.940068868859206e-06,75.05068447412354,1.0131515701817533,0.0,0.0,2
ORCL,0.012777201172320266,0.0004061447918081316,15538362.900501672,10149916.273695165,0.008262025872816221,0.01475880037477822,0.0005486171477120028,40.70841137123746,1.0102937188972891,0.0,0.0,1
ORLY,0.014841384798183586,0.0008114321925880092,833522.0609348915,614198.1731496885,0.01760237150972957,0.018183740811181466,0.0005467130877868826,209.44050000000001,1.0135447973379283,0.0,0.0,2
OXY,0.014275240403114911,-8.743864321082255e-05,4497174.04590985,1691992.3997120147,-0.0003119708758503748,0.0185268972891734,8.416082537757683e-05,78.40196577629382,1.0015576699606155,0.0,0.0,2
PAYX,0.010215361174825192,0.0005101778646101912,2150426.8414023374,1008606.2586251488,0.011691013961210642,0.014167182632122636,0.0006498829838196754,50.710613522537564,1.0105463708940345,0.0,0.0,2
PBCT,0.011414358459680227,0.00035161315631131765,3369577.3063439066,1903135.9327484576,0.007815723167805861,0.016368402613494513,0.0003026917952030012,15.927098414023371,1.010736412479678,0.0,0.0,2
PCAR,0.014040688536956362,0.0003479046085281563,1935728.325542571,944393.7477969392,0.008760020975946605,0.018449797559821176,0.0004919955219619853,61.151752921535895,1.0101005939778873,0.0,0.0,2
PCG,0.012372907128513482,-5.093084111996847e-05,3112752.566777963,2604175.5206244597,-1.8847193084383315e-05,0.01587268649988032,0.00017096904466630636,53.596589398998326,1.0173847579857422,0.0,0.0,2
PDCO,0.013534215855763592,-2.175607385572753e-06,984561.5534223706,785449.3348878451,0.0011285435576229388,0.01773271832598285,0.0003861806300198535,43.26641485809683,1.0192545125708834,0.0,0.0,2
PEG,0.01166298567924998,0.00031515217207840835,3154778.7186978296,1238204.971145638,0.0067515237081527645,0.016336062400989986,0.0003973023377236159,40.96924040066778,1.0069132982441138,0.0,0.0,2
PEP,0.008325818808102712,0.0003014300503834438,4453468.430717863,1542394.1574138133,0.006820537894283071,0.011312222813225508,0.0004322621526202255,98.42196160267112,1.0046306672406078,0.0,0.0,2
PFE,0.010786281036541785,0.00022969590442132914,28038547.0,19129120.22422357,0.004270215970701351,0.014970603414033085,-2.9401998110285345e-05,32.35611853088481,1.0087315960305918,0.0,0.0,1
PFG,0.014598734981113394,0.0005720674663041917,1348038.4674457428,578692.6643470488,0.013751425490077414,0.017662653125874464,0.0004886830361370726,51.64926544240401,1.0098383945516567,0.0,0.0,2
PG,0.008800285273869599,8.700640448761232e-05,8962816.647746244,6948109.034439641,0.002477068784781762,0.011408907492263873,7.03418113869907e-05,83.3177754590985,1.0136188621673707,0.0,0.0,2
PGR,0.010182120689210553,0.0006679133356721905,3377328.4031719533,1615120.1669371554,0.014161563379799845,0.013397184333024571,0.0004959419413890534,32.3671285475793,1.0135809379555485,0.0,0.0,2
PH,0.013538283127721547,0.0006845499652394575,1162053.1611018365,619261.5401832551,0.015645896245616242,0.01712630907224894,0.0005846120728233273,127.36976627712856,1.0122186416810897,0.0,0.0,2
PHM,0.017881254816257186,0.00039961690294976475,6142391.010851419,3235940.0910985167,0.011463720890828926,0.025185794808206572,-5.7837683119283866e-05,20.857975792988313,1.0054303139979897,0.0,0.0,0
PKG,0.01592592106113017,0.0008852038722027645,949961.0492487479,838189.9239860657,0.01959587940288574,0.019762400243805014,0.00015515548850812105,76.39925292153589,1.012466948679359,0.0,0.0,2
PKI,0.012549618169682268,0.0008275542967892274,766527.0041736227,425356.40732736903,0.016058061666027326,0.016258806347724548,0.0008010183496167402,50.73650250417362,1.0069541159467243,0.0,0.0,2
PLD,0.012210832840669813,0.00036576585183049594,2687406.342237062,1041780.3352709785,0.008378450115110054,0.01665932158419715,0.00019991076196707828,46.18118113522537,1.002793576968857,0.0,0.0,2
PM,0.010372508166427603,0.00011606409324994147,4609139.706176962,1931004.1731878812,0.002935299319809751,0.01322089189016453,0.00039214174629475097,93.07516694490818,1.007540545549579,0.0,0.0,2
PNC,0.012260868840728235,0.0007561811085292712,2361952.10851419,919934.2518905232,0.015391873956250406,0.015457794130230495,0.0004649083897132066,96.50299666110183,1.0045478066477933,0.0,0.0,2
PNR,0.015035013334344094,0.00030385107258815424,1273805.7212020033,700890.805198287,0.006957969899970391,0.018661019887229822,0.00027029808410923903,63.59484974958264,1.0105006228105615,0.0,0.0,2
PNW,0.010489974781518216,0.00023391132730282536,826469.7929883138,370540.31057268777,0.005800395778830879,0.015195810116587546,0.0004023151127925009,68.05893989983305,1.0071415235715044,0.0,0.0,2
PPG,0.01247913382731129,0.00041764857004623635,1540168.4223706177,775226.3935088186,0.009853857541090688,0.015695070289433056,0.00037796561191414714,101.7501001669449,1.010267056990405,0.0,0.0,2
PPL,0.010882147494405471,8.103389485499484e-06,4447175.477462437,1908864.6045514748,0.0005052441907051599,0.014759390289594672,0.00013259513334468843,34.20366118530885,1.0082695711713239,0.0,0.0,2
PRGO,0.020350925488975276,-4.300083994703963e-05,1565587.5183639398,1751025.7271452073,-0.0012350464313635543,0.023236153518923077,-0.0001497450516073217,126.28247078464106,1.0240119271613266,0.0,0.0,0
PRU,0.015097900199574073,0.0005507884137114508,2386394.545075125,992878.6239406981,0.014408569699712631,0.01811504669284053,0.00038601384218275056,88.47799666110184,1.0037359247887245,0.0,0.0,2
PSA,0.011415699005009121,0.00015372588481643134,738759.5901502505,301026.3407704891,0.004364122690344318,0.016323897043794357,0.00018053649462921928,200.715515442404,1.013193176148397,0.0,0.0,2
PSX,0.015109903908335066,0.00046223246388289344,3185274.629382304,1466926.117604717,0.010575333597877424,0.020431103924959823,0.00035555076719158944,78.97254173622704,1.0014606348267878,0.0,0.0,2
PVH,0.01785704573264966,0.00036145081617414463,1025327.1752921536,605173.9391657062,0.007763558471701015,0.021829617401977062,-0.00032334572525218025,111.58328046744573,1.0129856316545862,0.0,0.0,0
PWR,0.018681307609931957,0.00033689392214689953,2090157.9782971619,1383934.0201482417,0.008404597087313698,0.021583106378074594,-1.566966951444031e-05,29.9912061769616,1.0079443922132476,0.0,0.0,0
PX,0.010152141657175574,0.0003120871830488985,1323274.6602671118,635499.085756558,0.0068654728720803065,0.013706637346115517,0.0003219029992697497,123.36737896494157,1.0120675565810688,0.0,0.0,2
PXD,0.022377828618259443,0.0004708724280116371,1913385.9365609349,1076163.797461805,0.011337468869584562,0.029110591625208904,0.0005133644408225897,165.79752921535894,1.0110151384064223,0.0,0.0,0
PYPL,0.016785212481811414,0.001577220011228338,8469069.595959596,4685796.206568451,0.031816215137202376,0.02167244806022435,0.0006531007592983655,47.13147306397307,1.0221801487038389,0.0,0.0,2
QCOM,0.016339083986636145,0.00014271797679766497,11031915.034223706,6945068.1895299945,0.0029349853146227642,0.017072763229830007,0.00040001763027846745,63.86665692821369,1.010114250511549,0.0,0.0,2
QRVO,0.027557884430834758,0.0003356529005000697,1815023.4652777778,1627328.7829571106,0.005455342125181281,0.03313428937977088,0.0006399028814861688,61.462875,1.0234337257458956,0.0,0.0,0
RCL,0.01921821393951437,0.0012174724149641377,2043191.8806343907,1611922.6441487914,0.025074959921774494,0.02188386101072084,0.0009528392944263718,77.38264190317196,1.0139969473604724,0.0,0.0,2
RE,0.011024773376646431,0.0005574810028181999,342226.46243739565,267651.918373792,0.010351963981806026,0.015001183076316146,0.00016298956457589354,185.64100166944908,1.0051873453031464,0.0,0.0,2
REG,0.011877501722520318,6.834218256292836e-05,709662.4223706177,894579.3277000072,0.0036623942998273446,0.016886206146384215,2.696215392156456e-05,62.923597662771286,1.0201021748905827,0.0,0.0,2
REGN,0.022767502505675153,0.00046857310295465523,865832.782790309,419327.7766570941,0.013149547881144507,0.030817324306561335,-0.0003315658441602093,391.495686299081,1.0057212039498173,0.0,0.0,0
RF,0.01651394761049747,0.0007731712634069434,16474265.303005008,7261041.968154628,0.016715241708414114,0.02204609638609092,0.00036806341269039945,11.072854757929884,1.007811325620036,0.0,0.0,1
RHI,0.015809512825513183,0.0005603872140296583,1056912.8622704507,603644.6400148091,0.010504841402586023,0.018381958170234816,0.0007491489398727149,46.768430717863104,1.0065636509213487,0.0,0.0,2
RHT,0.01668340811786914,0.0009234988943729157,1640362.4916527546,1201499.9152226904,0.018768290511947217,0.01906843268757745,0.00030182381719744735,73.35448247078465,1.019377474999804,0.0,0.0,2
RJF,0.014803035284493508,0.0007552407096108774,786441.5150250418,765509.7136676457,0.015654536367672424,0.018590351459682176,0.0004578005971282675,59.30580133555927,1.0053525872030766,0.0,0.0,2
RL,0.018709000873706975,-0.0002611729365260993,1111033.090984975,971142.1511472196,-0.004269503669121905,0.021080910695571827,-0.00019574838033061177,126.03785893155259,1.025577608454809,0.0,0.0,0
RMD,0.015734474555950898,0.0007041046125293905,959314.469115192,1052412.2690475155,0.014198799571573254,0.017059525834383315,0.001092640203191972,60.197554257095156,1.0166781258825925,0.0,0.0,2
ROK,0.013863037039908144,0.0007494294025302224,900439.6903171954,474934.93539356894,0.01582616504363894,0.017668398519818076,0.0005039967826960145,125.52855592654423,1.0110409524758661,0.0,0.0,2
ROP,0.011332405977579549,0.0007363599268133135,460758.6010016695,267295.63242970215,0.014799480351184913,0.014278022862389493,0.0007695637987170355,174.43024207011686,1.010754280102925,0.0,0.0,2
ROST,0.014110761378946646,0.0008308652591598892,2984430.810517529,1525124.2983826366,0.01762733960751356,0.017886275760418673,0.00018489946954960184,50.881540901502504,1.0080858017624708,0.0,0.0,2
RRC,0.027755950654705,-0.0010191682998433374,3956270.1477462435,2787248.6579005574,-0.02009336913981954,0.037013843476498914,-0.0011339748763237053,49.3856427378965,1.022741541420792,0.0,0.0,0
RSG,0.00875237566902496,0.000557474290688703,1461004.1936560934,674494.9165849056,0.012499790472876398,0.01185440614400857,0.0005312369929186535,46.21550918196995,1.0030766578542458,0.0,0.0,2
RTN,0.011127787575801188,0.0010313340749686446,1715957.641903172,726551.9875575325,0.02155148446154212,0.014743451376671969,0.00045371980241981874,121.54606010016694,1.0075908541699063,0.0,0.0,2
SBAC,0.01360250025453837,0.0007163295598888628,1146812.805509182,891313.7939781538,0.014599684743415208,0.019243247662107468,0.0004883599064463363,110.51049791318864,1.0071779280324635,0.0,0.0,2
SBUX,0.012398970685967788,0.0005584527507662239,9178309.101836395,4432825.5049632955,0.012493744517102806,0.015732791969857156,0.0001419659794469724,49.33066360601002,1.0151560704145317,0.0,0.0,2
SCG,0.014862437638338881,-0.0001858930246547816,1036304.5951585977,883373.4514578978,-0.002314170241939532,0.017278732132313915,-0.00022407372914599215,57.63328881469115,1.0184797819757634,0.0,0.0,0
SCHW,0.01772027204576557,0.0010781969821359386,8123705.5,3925246.2814336047,0.022819483109447328,0.021912452817324325,0.0006552430360132344,31.670325542570954,1.0066701993293468,0.0,0.0,2
SEE,0.01530438385501492,0.0006722299508404187,1975177.5584307178,1032408.0889295655,0.015148786685864188,0.019524288926492273,0.00018179667960334527,41.3884223706177,1.0140872265099334,0.0,0.0,2
SHW,0.01312031665957946,0.0007284031331415321,709158.6702838064,456645.65420149395,0.015795760543032677,0.016276200680008866,0.000749162539724791,265.93587646076793,1.0106749795465704,0.0,0.0,2
SIG,0.0226400447605747,-2.3387089113017202e-05,1265546.1193656093,1344097.9969298705,0.0011004972671137547,0.026097465218463362,-0.00030446956582066043,94.7872120200334,1.0305350600921677,0.0,0.0,0
SJM,0.011978730261310869,0.00020235587972696026,844775.98163606,549649.5737687543,0.004765201507119164,0.014453700958877283,0.0003764187550937974,116.13236227045076,1.0184111841220798,0.0,0.0,2
SLB,0.01445099026583539,4.599890050623541e-05,7322461.653589316,3281736.5018737577,0.0025650007936620987,0.01940319585247031,0.00021494386408264053,82.22605175292153,1.0099428894944154,0.0,0.0,2
SLG,0.012543040319140074,0.00010141758160696297,747823.7245409015,569633.9044252639,0.003145520905300126,0.017680204178768366,-3.2822553468315055e-05,105.49168614357262,1.015666505804578,0.0,0.0,2
SNA,0.012387041854715092,0.0006185104835841494,426238.32721202006,264025.95559979655,0.013702780970606671,0.01557004268811867,0.0002816926234742194,142.14962437395658,1.0158242757586167,0.0,0.0,2
SNI,0.014703488698034388,0.0003104232285030099,1159788.7111853089,1183237.0856893507,0.0066933653468051555,0.019152281807934768,1.1571253789911785e-05,71.63115191986644,1.0171345648310697,0.0,0.0,2
SNPS,0.011264863866529733,0.0008207984611545878,803380.1777963272,950637.7109397772,0.01722335204496976,0.015503181828093087,0.0008700004014518624,52.48630726210351,1.0137123936608747,0.0,0.0,2
SO,0.00936993744397351,-1.652902761006732e-05,5085134.5642737895,2119200.916302646,-0.00031737730331494253,0.013271455459409796,0.00025641595538466175,46.66181969949917,1.0116899939551574,0.0,0.0,2
SPG,0.01176075549481438,-4.720368718307813e-05,1468336.9156928214,559460.6287513066,4.799018167172963e-05,0.0165548207697661,-0.0003068101699837312,177.12773789649415,1.0107472536360902,0.0,0.0,2
SPGI,0.01307730818914571,0.0010861810886928234,1254094.353088481,562962.1014589457,0.022248403776422416,0.01682490587843466,0.000761900574846954,103.75270868113522,1.0052821020749605,0.0,0.0,2
SRCL,0.0152121455164169,-0.00023363323472414682,701550.3297161936,685780.037976336,-0.0048208455963052255,0.01621956792380957,4.009160112953691e-05,106.98410100166944,1.0178372543515675,0.0,0.0,0
SRE,0.01079888077678376,0.000244438255051833,1222873.223706177,672151.0273903089,0.005123481269357324,0.015267978002524638,0.00042182752515322743,102.42920701168615,1.0130737226177708,0.0,0.0,2
STI,0.014313922589215657,0.0007960953189834592,3628326.8931552586,1418015.3140117694,0.01668558536839413,0.018051243197470958,0.0003052547578491836,44.04135225375626,1.0066798859870876,0.0,0.0,2
STT,0.014722227492157961,0.0005784237501366236,2379354.8589315526,1018784.3531012321,0.012325824780622115,0.01746995661729232,0.0007557220404273932,73.99086811352254,1.0063774823198206,0.0,0.0,2
STX,0.024779001796236336,0.0004364954994720584,4443392.116026712,3409979.6759489365,0.013318118261408909,0.02846826107279486,0.00029142042346370445,44.90350417362271,1.0114986735821612,0.0,0.0,0
STZ,0.012937574284672362,0.001302839467927546,1413932.1886477463,920350.5176710006,0.026450166754707908,0.016308106418365224,0.00046040398786353264,128.60108514190318,1.0101519861630899,0.0,0.0,2
SWK,0.012228024831272456,0.0006943849843249418,1129817.4991652754,669713.8032598203,0.014551495026404007,0.014636811484842136,0.00025318449154064065,108.11631886477463,1.0103845904168685,0.0,0.0,2
SWKS,0.02218382939364702,0.001508259413459437,3154556.5676126876,2157098.6211168044,0.029630821816126075,0.02722703327039655,0.0003014903130472993,70.2943489148581,1.0122878259645496,0.0,0.0,2
SYF,0.017201622893529507,0.0006076337558944177,6229637.997581621,7282115.8267919235,0.014041408009522496,0.022136149834298045,-0.00033549254863470327,31.23948609431681,1.043326750040843,0.0,0.0,0
SYK,0.01073609940672796,0.0007624170300573774,1354592.307178631,630788.5076986101,0.01597555803137303,0.01412054223233316,0.0005217823103416512,103.27343906510852,1.0086759991957606,0.0,0.0,2
SYMC,0.016610211270629373,0.00021016825718376872,6877476.9282136895,4363181.651405198,0.004348610841954008,0.01977473881804809,0.0008720683579240473,24.18107771285476,1.0140971536610668,0.0,0.0,2
SYY,0.011177731560792662,0.0005229815944425038,3707075.6427378966,2999817.307107558,0.010725376344723082,0.013311065730963783,0.00032498868669582316,43.53058430717863,1.0107376105027452,0.0,0.0,2
T,0.010040388649912427,4.4578801617188135e-05,25271934.849749584,11766095.366454657,0.0007665728446562062,0.013023166186604788,-0.00011985722331082753,36.37966978297162,1.0110143409927679,0.0,0.0,1
TAP,0.014022453844625821,0.00045208470086979114,1628113.1986644408,1437549.2656884987,0.009544995084309602,0.016702396452367017,4.392894679047623e-05,78.7926794657763,1.0149085575479406,0.0,0.0,2
TDG,0.015395643786467643,0.0006713715575639338,523896.5116861436,543982.3050238373,0.013526414112916682,0.018397604578637438,0.0007921579275778437,218.45363105175292,1.025908216939455,0.0,0.0,2
TEL,0.012590874321033977,0.000741189804125341,1775025.5258764608,846391.4795073549,0.016312685645639046,0.015738340748107777,0.0003266383200991003,65.27272954924875,1.0104100587318672,0.0,0.0,2
TGT,0.014582735783027425,0.00013839901226553246,5716420.243739566,3644561.7129747286,0.0036088876482885533,0.017006263208907902,0.00012176147748274551,67.87201168614357,1.0171700729695214,0.0,0.0,2
TIF,0.016568659131286904,0.00039654340788280063,1486437.8747913188,1066618.4068969,0.008902068340818841,0.018952513941340145,0.00020296321353219707,85.1495409015025,1.0202611878424837,0.0,0.0,2
TJX,0.012420014034130674,0.00043834728728943693,3619851.2921535894,1692317.6109994333,0.009084989356447925,0.01577384817312456,0.0002710940145221577,67.75758764607679,1.0149813581197433,0.0,0.0,2
TMK,0.00982506682448636,0.0006212962339100614,604508.7929883138,265747.2697104624,0.014430268531421599,0.013021740482438517,0.0005272946917301034,60.93247787979967,1.0029693643437732,0.0,0.0,2
TMO,0.012465898623515765,0.0008563194090053404,1754771.1168614358,885931.1553296857,0.017556272774075187,0.015293021471489504,0.0005647767955618135,137.03501669449082,1.0067360574941904,0.0,0.0,2
TPR,0.017051606995684487,1.5817195295341904e-05,4027016.5016694493,2700688.290130837,6.716433380835487e-05,0.020900830785435174,0.0001657871872062207,41.30890651085142,1.01305335932575,0.0,0.0,0
TRIP,0.026559365160745956,9.961781472600146e-05,2343260.080133556,1901121.1764682946,0.0005604244209365467,0.02983854310678813,-9.75339602672489e-06,68.2320959933222,1.0242464996466085,0.0,0.0,0
TROW,0.012467213118318658,0.0003934444009526485,1515349.1335559266,710593.8664515475,0.008616689210090322,0.016182385637184007,7.801542429708684e-05,78.11480383973289,1.0124643312274249,0.0,0.0,2
TRV,0.009782554027086728,0.00046657078465604313,1855971.4574290484,784694.2584364103,0.00944237034822546,0.012084177382973333,0.00038495248893636203,106.3850041736227,1.010560813938295,0.0,0.0,2
TSCO,0.016384628633837106,0.0002888354633707263,1411694.9240400668,1367344.008464535,0.008617009147805124,0.020953989100625403,0.00017850481473356307,73.88931469115192,1.018728686523707,0.0,0.0,0
TSN,0.01659005225930458,0.0010777570163536365,3756735.7746243738,2402795.3156309077,0.02228871307422104,0.019262711869667767,0.0006517327420079121,50.68482470784641,1.007355600038966,0.0,0.0,2
TSS,0.013632844574896406,0.001157405465152537,1270946.6410684474,692443.507830447,0.023206117866682426,0.01637064334133218,0.0010118159572624315,44.67356427378965,1.0118833227773594,0.0,0.0,2
TWX,0.013977144312654287,0.0004735506420192252,5138892.512520868,4425156.126545119,0.009336415405177177,0.016192378018745606,0.0004084957043030405,79.52678005008347,1.012578838883993,0.0,0.0,2
TXN,0.013542152720944035,0.0009685549831080899,5823223.3146911515,2849820.558269702,0.020689105802304153,0.01642440319688037,0.0007387841288665022,60.0337612687813,1.0102363063970434,0.0,0.0,2
TXT,0.015892910909467713,0.0007586770942892457,1869443.5968280467,1142469.4453981556,0.015304285023430588,0.0194216660651618,0.0008239465017388453,41.00984974958264,1.0038576361950289,0.0,0.0,2
UA,0.02888550605493886,-0.0022985687120583593,3593414.2729528537,4147928.1554824756,-0.03958918752149553,0.03054578197733582,-0.0015160981852291972,21.719330024813896,1.0470049230951568,0.0,0.0,0
UAA,0.025312937893701228,0.00024533977575639637,5640404.042570951,4891082.526759638,0.006150146354866584,0.02705673333602538,-0.0002112673809082496,30.117138981636057,1.016433592301686,0.0,0.0,0
UAL,0.02390604468376153,0.0008248690951991498,5327716.891485809,3431146.17693431,0.019171352741315654,0.03052488829925229,-8.769889992538444e-05,54.328318030050085,1.0155886972499986,0.0,0.0,0
UDR,0.01153226967640843,0.0003474143584849544,1643068.3280467447,1644465.4216664373,0.007524904194789221,0.01725237097022873,0.00037479035783302206,32.48858931552588,1.0068978501097519,0.0,0.0,2
UHS,0.01658693856779693,0.0006061724370795999,813026.4624373957,633491.9638292246,0.012406561669142493,0.02192675463523643,0.0005047248227375269,108.37708681135226,1.0093476185867218,0.0,0.0,2
ULTA,0.0205879470130383,0.0009393519137587005,979419.3706176962,953838.0285774267,0.02001502297684478,0.02273192976357386,-8.13368777439777e-05,174.34140150250417,1.030711151881256,0.0,0.0,0
UNH,0.012662720737521423,0.001181715835466423,3903358.0542570953,1827175.3222260415,0.023894544133430107,0.016791907730465728,0.0007568942569284172,124.09542570951587,1.0065574198058473,0.0,0.0,2
UNM,0.013988090198656876,0.0006055131616319707,1565881.5358931553,709508.4606600427,0.013901037659015493,0.017582678347578228,0.0003292328395946379,37.3133388981636,1.009305551600737,0.0,0.0,2
UNP,0.01339073351200185,0.0005484991298605899,4282518.229549249,1965799.1125128728,0.012270915276052782,0.016932749272758077,0.00048687298187954735,97.83644824707847,1.0127739013693895,0.0,0.0,2
UPS,0.010008953482141968,0.0002662912433472211,2995989.699499165,1426634.2753095024,0.007962599538728223,0.012051481354452165,0.0003309548075011458,103.46207011686144,1.0125453026951312,0.0,0.0,2
URI,0.023916836541282023,0.0012121482547070188,1876815.6661101836,1253721.0431932854,0.026770039683262074,0.02949675589103085,0.000467115708473406,91.99899833055092,1.0099999363296293,0.0,0.0,0
USB,0.010742333017153105,0.0004812280964920165,7001536.376460768,2618489.7255320814,0.009950215896566004,0.013561607303930188,0.00037527987137212973,44.36431135225376,1.0029138217997478,0.0,0.0,2
UTX,0.010447029020975522,0.00032870819643928426,3820612.2520868112,1965864.9815949784,0.007417898466450872,0.013477552587577196,6.241960529007052e-05,109.10020033388982,1.0118282810149541,0.0,0.0,2
V,0.012688239044844027,0.0009042638602419086,9985880.896494158,5896536.899384383,0.019249329559641388,0.015012292158414953,0.00011636256404483864,72.53157971619366,1.0082568412239503,0.0,0.0,2
VAR,0.01300835537220999,0.0005801309971950625,770673.9040066778,457132.59419926925,0.010475713763427872,0.015365433907791718,0.0010543384232926337,86.80504173622705,1.0114747999440783,0.0,0.0,2
VFC,0.01351494047769138,0.0006187808048172491,2384002.5959933223,1286449.5391668265,0.012465974391268581,0.01718337636664245,0.00043708125245421907,61.956872704507504,1.0096850848454813,0.0,0.0,2
VIAB,0.02056495961980633,-0.00042590309763402705,3866351.9741235394,2487775.170574721,-0.007428257176848038,0.025484199776642215,-0.00041468213495967737,56.30357262103505,1.0136764616512217,0.0,0.0,0
VLO,0.018035450316822143,0.0008791281270148428,6250574.8447412355,2837578.6290632477,0.017648155387746566,0.025624528408992556,0.0004825739403314411,58.30002504173622,0.9986747148682987,0.0,0.0,2
VMC,0.017001563344688747,0.0008602648936759412,1067155.089315526,546979.4606589061,0.01927241835392943,0.02264150677757224,0.00025786921220998524,91.27471202003339,1.0137027886294037,0.0,0.0,2
VNO,0.01299823363608727,-0.0001288792048083193,897662.4565943239,363896.6870944509,-0.0016581403381017404,0.01634582711397174,5.802590816460296e-05,95.46876878130217,1.012053362965062,0.0,0.0,2
VRSK,0.011425096220310398,0.0004428175462973407,867075.2821368949,936919.9675332397,0.009232513708062615,0.014546470105883951,0.0004685663364680022,73.4362512520868,1.014857387485933,0.0,0.0,2
VRSN,0.012993235172991717,0.0007788419402921194,1079282.1919866444,733456.8867469144,0.01698532153066818,0.017230101594961265,0.0006046081777023705,72.83292153589315,0.9995108477177705,0.0,0.0,2
VRTX,0.02727795621379388,0.0009583080418116734,1832457.4218880534,1692545.2190699098,0.020588812680215497,0.03385997668482244,8.014888765368644e-05,103.81278863826232,1.0112400315238412,0.0,0.0,0
VTR,0.013720113392742794,-0.00024924205235736275,2149620.5918196994,1004983.1447467309,-0.0037059933098408924,0.01757182868242379,-0.0002979480570100292,64.63307178631051,1.0132231746795137,0.0,0.0,0
VZ,0.01040446876365433,3.4225182644302065e-05,16206111.061769616,19720507.002518117,0.0014269363279273731,0.013843747852134365,7.663765673480345e-05,49.01742988313857,1.0149440384129826,0.0,0.0,1
WAT,0.013005279071272984,0.0007308138090856502,504014.8906510851,271514.3653384787,0.01527940069285661,0.01608430253558339,0.0005278641192953124,133.17607262103505,1.0105895822450521,0.0,0.0,2
WBA,0.01543315764851734,0.0004588562176011285,5392271.11769616,3915361.6196053275,0.009216028263379888,0.018895950686029235,0.0004496505257199652,74.49300500834724,1.01140097041186,0.0,0.0,2
WDC,0.021693195028585813,0.0005457921440253799,3393076.2554257093,2191724.8039936055,0.012413927703900417,0.027146437200793926,2.021799850251168e-05,77.24503914858097,1.010284471089359,0.0,0.0,0
WEC,0.010662871471583823,0.0003226117910838026,1802595.2303839733,794253.3815489574,0.007219509330582538,0.015213977596626307,0.0005473991280649945,52.83035475792988,1.0114938607500574,0.0,0.0,2
WFC,0.012159325370588047,0.0004187489048612244,18313036.50918197,8535280.434829313,0.010176152877654235,0.01438740929706002,0.00027308209825629607,51.114712020033394,1.0110105925748907,0.0,0.0,1
WHR,0.017654458332191206,0.0004728446976332425,968579.388981636,605426.5999006985,0.009542323275826664,0.022076490040393502,0.00022727809649124523,164.49982470784641,1.0131961404197212,0.0,0.0,2
WLTW,0.01122880375517298,0.0006820929180227991,762939.374732334,498241.0112913267,0.012694737182130347,0.01545745770509098,0.0006013203607688262,136.32539614561028,1.0094382701643994,0.0,0.0,2
WM,0.00878586842414761,0.0006134875841086288,1991049.9156928214,902367.3786055892,0.014070118656272014,0.011513319099774441,0.000606352696231307,56.860016694490824,1.0054470221942053,0.0,0.0,2
WMB,0.03016347706448663,0.0002811524182544074,8087198.618530884,6807220.505049854,0.003512110211932476,0.0295094687820378,0.0003032415860032032,36.61181135225375,1.01676981232175,0.0,0.0,0
WMT,0.01100420368496564,0.00026638516327807444,8167641.447412354,4567105.813711064,0.0057606435096644116,0.012967629747305054,0.000370377348197821,75.43797996661101,1.010401215085961,0.0,0.0,2
WRK,0.019750476867225756,0.0003827062134918922,1722784.4742096507,849485.6859674545,0.008277401254905972,0.02572555578363953,0.0001472652621980072,50.226173044925126,1.016970550174373,0.0,0.0,0
WU,0.014406436719621224,0.0002964833157308904,5166128.35308848,3181116.5727862357,0.006924914669095919,0.01762336142195306,0.0005265202105994223,18.716556761268784,1.0038800614642882,0.0,0.0,2
WY,0.013050038805111276,0.0001777589284119528,4263884.35308848,3124552.0630539404,0.00456968181105895,0.017233626237422042,3.3114418594921758e-06,31.529311352253753,1.0175480500992102,0.0,0.0,2
WYN,0.013916828034485984,0.0006207309496973862,1138661.196160267,597286.1986580421,0.012657653481141786,0.017355297135814053,0.0003568847184073636,79.8797161936561,1.0074529836869563,0.0,0.0,2
WYNN,0.02584626098274101,0.0004669119901377744,2485456.1444073454,1996450.7966311271,0.010100891799881828,0.02972461859290782,-0.00025418807291696915,133.798734557596,1.024402850504416,0.0,0.0,0
XEC,0.02191183177715048,0.0005475614294002649,1134473.1878130217,614038.6833388702,0.012621327294798795,0.030644367512501224,0.0004001589571289456,111.47132721202003,1.0103285119962453,0.0,0.0,0
XEL,0.009988127189682833,0.000326567933341349,3072799.492487479,1259339.5515845977,0.0072027522850217265,0.014359895946313862,0.0005250752123912954,37.14212437395659,1.0119870828514095,0.0,0.0,2
XL,0.011794002644010078,0.00019521678476112068,2203161.2921535894,1226239.7352382473,0.0035157518165000127,0.015763891254848488,0.00027061491982161565,35.57235392320534,1.0132827460413856,0.0,0.0,2
XLNX,0.015304110972391134,0.0006157540089761129,3054483.2212020033,1949181.423861454,0.01354096462483785,0.01840084241618504,0.0005086017581974257,50.43712020033389,1.013201446165563,0.0,0.0,2
XOM,0.011140362329713912,-5.9012583449014576e-05,12361782.957429048,4748928.477525071,0.0005971605539934076,0.01376804599920039,0.00023686800804291033,87.61742487479133,1.008540473716437,0.0,0.0,2
XRAY,0.011706528297949987,0.00032513095739289844,1229573.9849749582,960969.362134019,0.007890009034918082,0.016669098548962803,0.0006433405610365723,54.411569282136895,1.0224144807908446,0.0,0.0,2
XRX,0.017501136890640666,5.136489507480981e-05,2378094.29048414,1409278.7499940938,0.0012109491737254967,0.02084486740099761,-3.46361652935282e-05,40.82513355592655,1.0152931159907432,0.0,0.0,0
XYL,0.013642791819479111,0.0008912919067814545,1190348.3280467447,657536.114638927,0.01785509125169477,0.01690412775207376,0.00048473589565749774,42.087274624373954,1.0112940070404695,0.0,0.0,2
YUM,0.016627004427921435,0.0002865698878350377,3161520.1068447414,2222665.222449352,0.006109472275564724,0.0156022542632029,0.0004322988395891292,75.85928213689482,1.010719556517557,0.0,0.0,2
ZBH,0.013233991054764466,0.00047466109438823033,1311112.5751252086,783038.0558961349,0.010183827647926002,0.01645041086801355,0.000694057599513516,107.13510851419032,1.0147330213710497,0.0,0.0,2
ZION,0.01650526374211544,0.0007336106052622025,2647822.140233723,1417679.1190523081,0.01593998052279016,0.022458656298939547,0.0004500162813679275,32.535028380634394,1.0152076956412381,0.0,0.0,2
ZTS,0.013966159629234252,0.0007649128074947868,3772252.623539232,2998806.8803067347,0.015764343241221643,0.01836588677034744,0.0002130775136261067,45.67751919866444,1.0197352723590503,0.0,0.0,2
