Stock,Strategy,Sharpe,DHR,Total_Return,N
A,T+1,1.4482,0.5435,0.0546,47
A,T+15,1.4318,0.5435,0.0535,47
A,02F Meta,1.4482,0.5435,0.0546,47
AAL,T+1,-0.2503,0.5217,-0.017,47
AAL,T+15,3.3927,0.5652,0.1577,47
AAL,02F Meta,-0.2503,0.5217,-0.017,47
AAP,T+1,-2.4689,0.413,-0.2391,47
AAP,T+15,1.4283,0.5652,0.1239,47
AAP,02F Meta,-2.4689,0.413,-0.2391,47
AAPL,T+1,-3.2084,0.4348,-0.0886,47
AAPL,T+15,1.4391,0.5217,0.0392,47
AAPL,02F Meta,-3.2084,0.4348,-0.0886,47
ABBV,T+1,-3.6952,0.4348,-0.0979,47
ABBV,T+15,-3.4161,0.413,-0.0912,47
ABBV,02F Meta,-3.6952,0.4348,-0.0979,47
ABC,T+1,5.3423,0.6087,0.2459,47
ABC,T+15,-3.6899,0.3913,-0.1525,47
ABC,02F Meta,5.3423,0.6087,0.2459,47
ABT,T+1,-1.4745,0.4348,-0.0402,47
ABT,T+15,-3.8122,0.413,-0.0956,47
ABT,02F Meta,-1.4745,0.4348,-0.0402,47
ACN,T+1,1.2679,0.5,0.027,47
ACN,T+15,-3.687,0.4348,-0.0783,47
ACN,02F Meta,1.2679,0.5,0.027,47
ADBE,T+1,2.6634,0.5652,0.1286,47
ADBE,T+15,6.3461,0.7609,0.319,47
ADBE,02F Meta,2.6634,0.5652,0.1286,47
ADI,T+1,0.2525,0.4565,0.0056,47
ADI,T+15,1.8455,0.5,0.0625,47
ADI,02F Meta,0.2525,0.4565,0.0056,47
ADM,T+1,1.7586,0.5652,0.0539,47
ADM,T+15,3.0354,0.5217,0.0957,47
ADM,02F Meta,1.7586,0.5652,0.0539,47
ADP,T+1,-0.9445,0.4565,-0.023,47
ADP,T+15,2.4811,0.587,0.0565,47
ADP,02F Meta,-0.9445,0.4565,-0.023,47
ADS,T+1,-0.1995,0.5652,-0.0157,47
ADS,T+15,-1.8143,0.4348,-0.0882,47
ADS,02F Meta,-0.1995,0.5652,-0.0157,47
ADSK,T+1,-0.4786,0.6304,-0.0543,47
ADSK,T+15,1.2371,0.4348,0.0854,47
ADSK,02F Meta,-0.4786,0.6304,-0.0543,47
AEE,T+1,-3.4387,0.3913,-0.0936,47
AEE,T+15,-1.8552,0.4348,-0.053,47
AEE,02F Meta,-3.4387,0.3913,-0.0936,47
AEP,T+1,1.1877,0.5435,0.0296,47
AEP,T+15,-0.7808,0.4565,-0.0215,47
AEP,02F Meta,1.1877,0.5435,0.0296,47
AES,T+1,-7.0399,0.3478,-0.2285,47
AES,T+15,1.8544,0.5,0.071,47
AES,02F Meta,-7.0399,0.3478,-0.2285,47
AET,T+1,-1.2737,0.5,-0.0335,47
AET,T+15,-1.7426,0.4565,-0.0453,47
AET,02F Meta,-1.2737,0.5,-0.0335,47
AFL,T+1,0.3148,0.5652,0.0079,47
AFL,T+15,2.1336,0.5,0.0778,47
AFL,02F Meta,0.3148,0.5652,0.0079,47
AGN,T+1,-4.878,0.3696,-0.1939,47
AGN,T+15,-6.0877,0.3261,-0.2306,47
AGN,02F Meta,-4.878,0.3696,-0.1939,47
AIG,T+1,-1.449,0.5,-0.0355,47
AIG,T+15,-0.7276,0.5,-0.0185,47
AIG,02F Meta,-1.449,0.5,-0.0355,47
AIV,T+1,0.0951,0.5,0.0007,47
AIV,T+15,-4.4506,0.4783,-0.0993,47
AIV,02F Meta,0.0951,0.5,0.0007,47
AIZ,T+1,0.1076,0.4783,0.0009,47
AIZ,T+15,-1.2675,0.5435,-0.0372,47
AIZ,02F Meta,0.1076,0.4783,0.0009,47
AJG,T+1,-1.148,0.5435,-0.0302,47
AJG,T+15,2.4474,0.5217,0.0597,47
AJG,02F Meta,-1.148,0.5435,-0.0302,47
AKAM,T+1,2.5035,0.5435,0.1628,47
AKAM,T+15,-2.24,0.413,-0.1454,47
AKAM,02F Meta,2.5035,0.5435,0.1628,47
ALB,T+1,-2.8912,0.4348,-0.1402,47
ALB,T+15,0.6035,0.5,0.0238,47
ALB,02F Meta,-2.8912,0.4348,-0.1402,47
ALGN,T+1,-2.1417,0.4783,-0.1597,47
ALGN,T+15,1.345,0.5,0.0891,47
ALGN,02F Meta,-2.1417,0.4783,-0.1597,47
ALK,T+1,-2.942,0.4348,-0.1395,47
ALK,T+15,2.2555,0.6087,0.1096,47
ALK,02F Meta,-2.942,0.4348,-0.1395,47
ALL,T+1,-0.7766,0.5435,-0.0183,47
ALL,T+15,-0.7405,0.5,-0.0181,47
ALL,02F Meta,-0.7766,0.5435,-0.0183,47
ALLE,T+1,-2.8733,0.3913,-0.0844,47
ALLE,T+15,-0.4653,0.5217,-0.0162,47
ALLE,02F Meta,-2.8733,0.3913,-0.0844,47
ALXN,T+1,0.4536,0.587,0.0165,47
ALXN,T+15,1.4538,0.5652,0.0715,47
ALXN,02F Meta,0.4536,0.587,0.0165,47
AMAT,T+1,-1.8081,0.413,-0.1225,47
AMAT,T+15,3.5047,0.587,0.2386,47
AMAT,02F Meta,-1.8081,0.413,-0.1225,47
AMD,T+1,-0.0319,0.4783,-0.0185,47
AMD,T+15,-0.3532,0.4348,-0.0426,47
AMD,02F Meta,-0.0319,0.4783,-0.0185,47
AME,T+1,-0.404,0.413,-0.0101,47
AME,T+15,1.0227,0.5,0.0211,47
AME,02F Meta,-0.404,0.413,-0.0101,47
AMG,T+1,2.0998,0.5652,0.0567,47
AMG,T+15,5.3538,0.6522,0.1492,47
AMG,02F Meta,2.0998,0.5652,0.0567,47
AMGN,T+1,-0.0695,0.4783,-0.0036,47
AMGN,T+15,2.0159,0.5652,0.0506,47
AMGN,02F Meta,-0.0695,0.4783,-0.0036,47
AMP,T+1,-0.6625,0.413,-0.0213,47
AMP,T+15,-2.7022,0.3913,-0.0766,47
AMP,02F Meta,-0.6625,0.413,-0.0213,47
AMT,T+1,-3.3412,0.3696,-0.103,47
AMT,T+15,-3.3348,0.4783,-0.104,47
AMT,02F Meta,-3.3412,0.3696,-0.103,47
AMZN,T+1,0.7773,0.5,0.0227,47
AMZN,T+15,-2.6935,0.4565,-0.0852,47
AMZN,02F Meta,0.7773,0.5,0.0227,47
ANDV,T+1,3.6994,0.6087,0.1265,47
ANDV,T+15,-0.8568,0.5435,-0.0318,47
ANDV,02F Meta,3.6994,0.6087,0.1265,47
ANSS,T+1,-0.093,0.5217,-0.0056,47
ANSS,T+15,-0.2002,0.6087,-0.009,47
ANSS,02F Meta,-0.093,0.5217,-0.0056,47
ANTM,T+1,0.7287,0.5,0.0228,47
ANTM,T+15,-2.1113,0.5,-0.0753,47
ANTM,02F Meta,0.7287,0.5,0.0228,47
AON,T+1,-1.8795,0.4783,-0.0527,47
AON,T+15,2.3879,0.5435,0.0654,47
AON,02F Meta,-1.8795,0.4783,-0.0527,47
AOS,T+1,3.5176,0.587,0.0931,47
AOS,T+15,2.7544,0.5652,0.0726,47
AOS,02F Meta,3.5176,0.587,0.0931,47
APA,T+1,0.4462,0.3696,0.0181,47
APA,T+15,-3.5284,0.4348,-0.2148,47
APA,02F Meta,0.4462,0.3696,0.0181,47
APC,T+1,1.5916,0.3913,0.0689,47
APC,T+15,-4.0593,0.4783,-0.1678,47
APC,02F Meta,1.5916,0.3913,0.0689,47
APD,T+1,-1.6305,0.5435,-0.0336,47
APD,T+15,-2.1467,0.4348,-0.0433,47
APD,02F Meta,-1.6305,0.5435,-0.0336,47
APH,T+1,0.847,0.5435,0.0201,47
APH,T+15,-1.4983,0.4783,-0.0388,47
APH,02F Meta,0.847,0.5435,0.0201,47
APTV,T+1,0.3939,0.5,0.0066,28
APTV,T+15,-0.5426,0.5556,-0.0148,28
APTV,02F Meta,0.0,0.4815,,28
ARE,T+1,-0.417,0.5217,-0.0135,47
ARE,T+15,0.9974,0.4783,0.0256,47
ARE,02F Meta,-0.417,0.5217,-0.0135,47
ARNC,T+1,6.8813,0.6739,0.3092,47
ARNC,T+15,0.1066,0.4783,-0.0004,47
ARNC,02F Meta,6.8813,0.6739,0.3092,47
ATVI,T+1,0.7666,0.5435,0.0342,47
ATVI,T+15,0.6445,0.5652,0.0272,47
ATVI,02F Meta,0.7666,0.5435,0.0342,47
AVB,T+1,1.7078,0.5217,0.0385,47
AVB,T+15,-2.1313,0.5,-0.05,47
AVB,02F Meta,1.7078,0.5217,0.0385,47
AVGO,T+1,-2.9926,0.4348,-0.123,47
AVGO,T+15,-0.7142,0.5,-0.0348,47
AVGO,02F Meta,-2.9926,0.4348,-0.123,47
AVY,T+1,0.3003,0.5,0.0066,47
AVY,T+15,-1.1595,0.4565,-0.0364,47
AVY,02F Meta,0.3003,0.5,0.0066,47
AWK,T+1,-1.9014,0.3913,-0.0667,47
AWK,T+15,-2.2757,0.3696,-0.0783,47
AWK,02F Meta,-1.9014,0.3913,-0.0667,47
AXP,T+1,-7.0537,0.3696,-0.1323,47
AXP,T+15,0.4769,0.5217,0.0089,47
AXP,02F Meta,-7.0537,0.3696,-0.1323,47
AYI,T+1,-3.5712,0.413,-0.2733,47
AYI,T+15,1.6986,0.5,0.1339,47
AYI,02F Meta,-3.5712,0.413,-0.2733,47
AZO,T+1,0.808,0.4783,0.0331,47
AZO,T+15,-4.9346,0.413,-0.2081,47
AZO,02F Meta,0.808,0.4783,0.0331,47
BA,T+1,5.7616,0.587,0.2558,47
BA,T+15,-4.1765,0.3913,-0.1637,47
BA,02F Meta,5.7616,0.587,0.2558,47
BAC,T+1,1.8433,0.5,0.0609,47
BAC,T+15,-3.2876,0.5652,-0.1059,47
BAC,02F Meta,1.8433,0.5,0.0609,47
BAX,T+1,-1.7965,0.5435,-0.0552,47
BAX,T+15,-0.3631,0.3696,-0.0134,47
BAX,02F Meta,-1.7965,0.5435,-0.0552,47
BBT,T+1,0.8812,0.5217,0.0238,47
BBT,T+15,-2.5543,0.413,-0.0733,47
BBT,02F Meta,0.8812,0.5217,0.0238,47
BBY,T+1,3.946,0.587,0.1848,47
BBY,T+15,0.5428,0.5435,0.0195,47
BBY,02F Meta,3.946,0.587,0.1848,47
BDX,T+1,-1.8323,0.5435,-0.0565,47
BDX,T+15,1.1636,0.5652,0.0336,47
BDX,02F Meta,-1.8323,0.5435,-0.0565,47
BEN,T+1,0.2729,0.5,0.0059,47
BEN,T+15,-1.7935,0.5435,-0.0556,47
BEN,02F Meta,0.2729,0.5,0.0059,47
BF.B,T+1,3.5935,0.6087,0.1496,47
BF.B,T+15,1.136,0.6087,0.0424,47
BF.B,02F Meta,3.5935,0.6087,0.1496,47
BHF,T+1,-2.2003,0.4783,-0.0931,47
BHF,T+15,2.3639,0.5217,0.0992,47
BHF,02F Meta,-2.2003,0.4783,-0.0931,47
BHGE,T+1,-0.571,0.4348,-0.0392,47
BHGE,T+15,-1.0682,0.4783,-0.0652,47
BHGE,02F Meta,-0.571,0.4348,-0.0392,47
BIIB,T+1,-3.5772,0.4565,-0.1465,47
BIIB,T+15,1.3163,0.6957,0.0533,47
BIIB,02F Meta,-3.5772,0.4565,-0.1465,47
BK,T+1,2.0062,0.5217,0.0532,47
BK,T+15,-5.8982,0.3913,-0.1399,47
BK,02F Meta,2.0062,0.5217,0.0532,47
BLK,T+1,3.1649,0.5217,0.1001,47
BLK,T+15,3.0658,0.5652,0.0961,47
BLK,02F Meta,3.1649,0.5217,0.1001,47
BLL,T+1,0.4571,0.5652,0.0132,47
BLL,T+15,0.3873,0.4783,0.0106,47
BLL,02F Meta,0.4571,0.5652,0.0132,47
BMY,T+1,-2.1304,0.5217,-0.0724,47
BMY,T+15,-0.2803,0.6087,-0.0126,47
BMY,02F Meta,-2.1304,0.5217,-0.0724,47
BRK.B,T+1,3.1745,0.5217,0.0768,47
BRK.B,T+15,-4.5543,0.4565,-0.1011,47
BRK.B,02F Meta,3.1745,0.5217,0.0768,47
BSX,T+1,0.3779,0.5,0.0132,47
BSX,T+15,-0.426,0.5217,-0.0355,47
BSX,02F Meta,0.3779,0.5,0.0132,47
BWA,T+1,3.7105,0.6087,0.1551,47
BWA,T+15,4.1406,0.6304,0.1716,47
BWA,02F Meta,3.7105,0.6087,0.1551,47
BXP,T+1,0.0753,0.5,0.0002,47
BXP,T+15,-0.8017,0.3913,-0.022,47
BXP,02F Meta,0.0753,0.5,0.0002,47
C,T+1,-1.9836,0.3913,-0.0594,47
C,T+15,-0.3264,0.5652,-0.0118,47
C,02F Meta,-1.9836,0.3913,-0.0594,47
CA,T+1,-1.5171,0.3913,-0.0289,47
CA,T+15,2.4561,0.5,0.0459,47
CA,02F Meta,-1.5171,0.3913,-0.0289,47
CAG,T+1,0.1914,0.4783,0.0034,47
CAG,T+15,-3.526,0.3913,-0.1062,47
CAG,02F Meta,0.1914,0.4783,0.0034,47
CAH,T+1,0.3929,0.4783,0.0137,47
CAH,T+15,0.6394,0.5652,0.0276,47
CAH,02F Meta,0.3929,0.4783,0.0137,47
CAT,T+1,6.0223,0.6304,0.2146,47
CAT,T+15,-2.3512,0.5652,-0.0823,47
CAT,02F Meta,6.0223,0.6304,0.2146,47
CB,T+1,-1.31,0.3696,-0.0332,47
CB,T+15,4.0135,0.5435,0.0987,47
CB,02F Meta,-1.31,0.3696,-0.0332,47
CBG,T+1,0.7338,0.5217,0.0185,47
CBG,T+15,1.8087,0.587,0.0488,47
CBG,02F Meta,0.7338,0.5217,0.0185,47
CBOE,T+1,2.2753,0.5652,0.0639,47
CBOE,T+15,-2.7562,0.4348,-0.0765,47
CBOE,02F Meta,2.2753,0.5652,0.0639,47
CBS,T+1,1.1864,0.5217,0.0489,47
CBS,T+15,-1.4718,0.4783,-0.069,47
CBS,02F Meta,1.1864,0.5217,0.0489,47
CCI,T+1,-2.6115,0.4565,-0.0679,47
CCI,T+15,-3.9541,0.4348,-0.1001,47
CCI,02F Meta,-2.6115,0.4565,-0.0679,47
CCL,T+1,-3.2788,0.3478,-0.1029,47
CCL,T+15,4.7558,0.6522,0.1554,47
CCL,02F Meta,-3.2788,0.3478,-0.1029,47
CDNS,T+1,0.6029,0.5,0.0188,47
CDNS,T+15,0.3817,0.5652,0.0106,47
CDNS,02F Meta,0.6029,0.5,0.0188,47
CELG,T+1,-7.2742,0.3696,-0.247,47
CELG,T+15,-2.7288,0.4783,-0.1096,47
CELG,02F Meta,-7.2742,0.3696,-0.247,47
CERN,T+1,2.6112,0.6304,0.0928,47
CERN,T+15,-0.1466,0.5217,-0.0086,47
CERN,02F Meta,2.6112,0.6304,0.0928,47
CF,T+1,0.145,0.5435,-0.0006,47
CF,T+15,0.4033,0.5652,0.0143,47
CF,02F Meta,0.145,0.5435,-0.0006,47
CFG,T+1,1.3963,0.4783,0.0539,47
CFG,T+15,0.07,0.5435,-0.0016,47
CFG,02F Meta,1.3963,0.4783,0.0539,47
CHD,T+1,1.2652,0.5217,0.0387,47
CHD,T+15,1.5853,0.587,0.0489,47
CHD,02F Meta,1.2652,0.5217,0.0387,47
CHK,T+1,-0.032,0.4565,-0.0207,47
CHK,T+15,1.2283,0.5435,0.086,47
CHK,02F Meta,-0.032,0.4565,-0.0207,47
CHRW,T+1,3.2524,0.5217,0.1113,47
CHRW,T+15,3.5461,0.6087,0.121,47
CHRW,02F Meta,3.2524,0.5217,0.1113,47
CHTR,T+1,-0.4314,0.5217,-0.0263,47
CHTR,T+15,-2.7631,0.4783,-0.1276,47
CHTR,02F Meta,-0.4314,0.5217,-0.0263,47
CI,T+1,-4.2492,0.3261,-0.1404,47
CI,T+15,-2.8206,0.413,-0.0976,47
CI,02F Meta,-4.2492,0.3261,-0.1404,47
CINF,T+1,-3.2644,0.3913,-0.0836,47
CINF,T+15,-0.4221,0.5652,-0.013,47
CINF,02F Meta,-3.2644,0.3913,-0.0836,47
CL,T+1,-1.7851,0.5,-0.0395,47
CL,T+15,-0.8327,0.5,-0.0195,47
CL,02F Meta,-1.7851,0.5,-0.0395,47
CLX,T+1,3.0092,0.6087,0.0878,47
CLX,T+15,1.6075,0.5435,0.0454,47
CLX,02F Meta,3.0092,0.6087,0.0878,47
CMA,T+1,1.1557,0.5,0.0388,47
CMA,T+15,-0.0163,0.5652,-0.004,47
CMA,02F Meta,1.1557,0.5,0.0388,47
CMCSA,T+1,-6.6742,0.3043,-0.2748,47
CMCSA,T+15,3.2185,0.587,0.1641,47
CMCSA,02F Meta,-6.6742,0.3043,-0.2748,47
CME,T+1,4.015,0.5217,0.1067,47
CME,T+15,-6.7882,0.3696,-0.1564,47
CME,02F Meta,4.015,0.5217,0.1067,47
CMG,T+1,0.008,0.587,-0.008,47
CMG,T+15,0.2339,0.4565,0.0048,47
CMG,02F Meta,0.008,0.587,-0.008,47
CMI,T+1,3.4553,0.5217,0.1213,47
CMI,T+15,-3.4166,0.4565,-0.1137,47
CMI,02F Meta,3.4553,0.5217,0.1213,47
CMS,T+1,2.2173,0.5217,0.0539,47
CMS,T+15,-0.5839,0.4783,-0.016,47
CMS,02F Meta,2.2173,0.5217,0.0539,47
CNC,T+1,-2.8018,0.4565,-0.1434,47
CNC,T+15,-0.9402,0.4783,-0.0554,47
CNC,02F Meta,-2.8018,0.4565,-0.1434,47
CNP,T+1,-4.1979,0.3478,-0.1061,47
CNP,T+15,0.733,0.5435,0.018,47
CNP,02F Meta,-4.1979,0.3478,-0.1061,47
COF,T+1,1.1277,0.5435,0.0368,47
COF,T+15,-4.4459,0.3913,-0.1426,47
COF,02F Meta,1.1277,0.5435,0.0368,47
COG,T+1,0.3485,0.587,0.01,47
COG,T+15,0.7808,0.5,0.0288,47
COG,02F Meta,0.3485,0.587,0.01,47
COL,T+1,0.6747,0.5652,0.0064,47
COL,T+15,2.17,0.5435,0.02,47
COL,02F Meta,0.6747,0.5652,0.0064,47
COO,T+1,2.6442,0.4565,0.1232,47
COO,T+15,0.331,0.5217,0.0097,47
COO,02F Meta,2.6442,0.4565,0.1232,47
COP,T+1,3.366,0.5435,0.1342,47
COP,T+15,0.0948,0.4565,-0.0004,47
COP,02F Meta,3.366,0.5435,0.1342,47
COST,T+1,-0.1107,0.4348,-0.0071,47
COST,T+15,-0.6243,0.4348,-0.0248,47
COST,02F Meta,-0.1107,0.4348,-0.0071,47
COTY,T+1,-0.3901,0.4783,-0.0432,47
COTY,T+15,-1.2109,0.3261,-0.0972,47
COTY,02F Meta,-0.3901,0.4783,-0.0432,47
CPB,T+1,-1.5088,0.4783,-0.0992,47
CPB,T+15,3.1842,0.6087,0.2022,47
CPB,02F Meta,-1.5088,0.4783,-0.0992,47
CRM,T+1,1.8635,0.5652,0.0622,47
CRM,T+15,-0.1359,0.4565,-0.0077,47
CRM,02F Meta,1.8635,0.5652,0.0622,47
CSCO,T+1,1.4185,0.587,0.0456,47
CSCO,T+15,-3.6516,0.413,-0.1159,47
CSCO,02F Meta,1.4185,0.587,0.0456,47
CSRA,T+1,0.8619,0.5,0.029,47
CSRA,T+15,-0.0158,0.4348,-0.0044,47
CSRA,02F Meta,0.8619,0.5,0.029,47
CSX,T+1,0.5713,0.5652,0.0232,47
CSX,T+15,-0.2589,0.5435,-0.0218,47
CSX,02F Meta,0.5713,0.5652,0.0232,47
CTAS,T+1,-1.1129,0.5217,-0.034,47
CTAS,T+15,2.5715,0.5217,0.0746,47
CTAS,02F Meta,-1.1129,0.5217,-0.034,47
CTL,T+1,0.622,0.4565,0.0347,47
CTL,T+15,-1.5878,0.4565,-0.1498,47
CTL,02F Meta,0.622,0.4565,0.0347,47
CTSH,T+1,-1.0356,0.4565,-0.029,47
CTSH,T+15,1.3656,0.5217,0.0349,47
CTSH,02F Meta,-1.0356,0.4565,-0.029,47
CTXS,T+1,-0.6882,0.5652,-0.0179,47
CTXS,T+15,-2.7551,0.4348,-0.0653,47
CTXS,02F Meta,-0.6882,0.5652,-0.0179,47
CVS,T+1,-0.162,0.413,-0.0155,47
CVS,T+15,1.8691,0.5,0.0928,47
CVS,02F Meta,-0.162,0.413,-0.0155,47
CVX,T+1,3.7329,0.5652,0.1006,47
CVX,T+15,-6.6337,0.3913,-0.155,47
CVX,02F Meta,3.7329,0.5652,0.1006,47
CXO,T+1,0.8564,0.5,0.0288,47
CXO,T+15,0.2518,0.4783,0.0058,47
CXO,02F Meta,0.8564,0.5,0.0288,47
D,T+1,-2.8199,0.4565,-0.0784,47
D,T+15,-2.6357,0.4783,-0.0736,47
D,02F Meta,-2.8199,0.4565,-0.0784,47
DAL,T+1,-0.6294,0.4348,-0.0337,47
DAL,T+15,2.4248,0.5435,0.1091,47
DAL,02F Meta,-0.6294,0.4348,-0.0337,47
DE,T+1,3.4331,0.5652,0.1249,47
DE,T+15,1.7047,0.4783,0.0593,47
DE,02F Meta,3.4331,0.5652,0.1249,47
DFS,T+1,0.6871,0.4348,0.0211,47
DFS,T+15,-3.4898,0.4783,-0.1154,47
DFS,02F Meta,0.6871,0.4348,0.0211,47
DG,T+1,-1.1822,0.5,-0.0504,47
DG,T+15,4.7024,0.5652,0.1906,47
DG,02F Meta,-1.1822,0.5,-0.0504,47
DGX,T+1,1.1194,0.5435,0.0299,47
DGX,T+15,1.7158,0.5652,0.0473,47
DGX,02F Meta,1.1194,0.5435,0.0299,47
DHI,T+1,1.128,0.5217,0.0399,47
DHI,T+15,0.3281,0.4565,0.0087,47
DHI,02F Meta,1.128,0.5217,0.0399,47
DHR,T+1,1.8854,0.587,0.0433,47
DHR,T+15,0.8285,0.5,0.0183,47
DHR,02F Meta,1.8854,0.587,0.0433,47
DIS,T+1,-3.752,0.3913,-0.1451,47
DIS,T+15,0.1128,0.5652,0.0,47
DIS,02F Meta,-3.752,0.3913,-0.1451,47
DISCA,T+1,3.0723,0.5652,0.2534,47
DISCA,T+15,-4.9846,0.3478,-0.3306,47
DISCA,02F Meta,3.0723,0.5652,0.2534,47
DISCK,T+1,1.4914,0.5435,0.1087,47
DISCK,T+15,-3.1385,0.3913,-0.2358,47
DISCK,02F Meta,1.4914,0.5435,0.1087,47
DISH,T+1,-3.7956,0.413,-0.1873,47
DISH,T+15,1.0057,0.5435,0.0469,47
DISH,02F Meta,-3.7956,0.413,-0.1873,47
DLR,T+1,-0.2813,0.413,-0.018,47
DLR,T+15,-3.8866,0.413,-0.1634,47
DLR,02F Meta,-0.2813,0.413,-0.018,47
DLTR,T+1,-0.1648,0.4783,-0.0119,47
DLTR,T+15,3.9171,0.5217,0.1721,47
DLTR,02F Meta,-0.1648,0.4783,-0.0119,47
DOV,T+1,-1.1781,0.5,-0.0371,47
DOV,T+15,1.6571,0.5217,0.0478,47
DOV,02F Meta,-1.1781,0.5,-0.0371,47
DPS,T+1,1.6152,0.4348,0.0394,47
DPS,T+15,-0.1165,0.587,-0.0046,47
DPS,02F Meta,1.6152,0.4348,0.0394,47
DRE,T+1,-0.285,0.4348,-0.0092,47
DRE,T+15,-4.9172,0.4565,-0.1185,47
DRE,02F Meta,-0.285,0.4348,-0.0092,47
DRI,T+1,0.2102,0.4783,0.0041,47
DRI,T+15,-0.5521,0.5435,-0.0293,47
DRI,02F Meta,0.2102,0.4783,0.0041,47
DTE,T+1,0.4439,0.5217,0.0091,47
DTE,T+15,-4.0999,0.3696,-0.0922,47
DTE,02F Meta,0.4439,0.5217,0.0091,47
DUK,T+1,1.9974,0.5217,0.0424,47
DUK,T+15,-1.7607,0.4565,-0.0382,47
DUK,02F Meta,1.9974,0.5217,0.0424,47
DVA,T+1,4.7255,0.7391,0.3724,47
DVA,T+15,-0.5466,0.3478,-0.0518,47
DVA,02F Meta,4.7255,0.7391,0.3724,47
DVN,T+1,0.2849,0.4348,0.0076,47
DVN,T+15,-1.0092,0.5217,-0.057,47
DVN,02F Meta,0.2849,0.4348,0.0076,47
DWDP,T+1,-0.8347,0.5,-0.0265,47
DWDP,T+15,-0.2472,0.5,-0.0096,47
DWDP,02F Meta,-0.8347,0.5,-0.0265,47
DXC,T+1,-1.3627,0.4565,-0.0442,47
DXC,T+15,1.4585,0.5435,0.044,47
DXC,02F Meta,-1.3627,0.4565,-0.0442,47
EA,T+1,0.4424,0.4783,0.0159,47
EA,T+15,2.1431,0.587,0.1082,47
EA,02F Meta,0.4424,0.4783,0.0159,47
EBAY,T+1,-3.0021,0.5435,-0.1266,47
EBAY,T+15,1.9359,0.5652,0.0824,47
EBAY,02F Meta,-3.0021,0.5435,-0.1266,47
ECL,T+1,-0.1143,0.4565,-0.0031,47
ECL,T+15,1.674,0.5652,0.03,47
ECL,02F Meta,-0.1143,0.4565,-0.0031,47
ED,T+1,-1.0641,0.5,-0.0272,47
ED,T+15,-0.9243,0.3913,-0.0236,47
ED,02F Meta,-1.0641,0.5,-0.0272,47
EFX,T+1,2.9333,0.6087,0.0729,47
EFX,T+15,-0.5482,0.587,-0.0151,47
EFX,02F Meta,2.9333,0.6087,0.0729,47
EIX,T+1,2.3529,0.4783,0.1802,47
EIX,T+15,-0.5819,0.4348,-0.06,47
EIX,02F Meta,2.3529,0.4783,0.1802,47
EL,T+1,-3.3971,0.413,-0.0808,47
EL,T+15,-0.2809,0.5435,-0.0086,47
EL,02F Meta,-3.3971,0.413,-0.0808,47
EMN,T+1,-2.8621,0.4348,-0.0652,47
EMN,T+15,-1.3292,0.4565,-0.0321,47
EMN,02F Meta,-2.8621,0.4348,-0.0652,47
EMR,T+1,7.8319,0.6957,0.2511,47
EMR,T+15,-0.121,0.4783,-0.0068,47
EMR,02F Meta,7.8319,0.6957,0.2511,47
EOG,T+1,4.486,0.587,0.1577,47
EOG,T+15,-0.8812,0.5217,-0.0334,47
EOG,02F Meta,4.486,0.587,0.1577,47
EQIX,T+1,-5.1607,0.2609,-0.1833,47
EQIX,T+15,-6.1388,0.3478,-0.2104,47
EQIX,02F Meta,-5.1607,0.2609,-0.1833,47
EQR,T+1,2.5537,0.5435,0.0592,47
EQR,T+15,-5.8604,0.3696,-0.1221,47
EQR,02F Meta,2.5537,0.5435,0.0592,47
EQT,T+1,1.8105,0.6304,0.0894,47
EQT,T+15,1.342,0.6087,0.0637,47
EQT,02F Meta,1.8105,0.6304,0.0894,47
ES,T+1,-2.4619,0.5,-0.061,47
ES,T+15,0.1021,0.413,0.0009,47
ES,02F Meta,-2.4619,0.5,-0.061,47
ESRX,T+1,3.4419,0.6522,0.1748,47
ESRX,T+15,-1.9192,0.4565,-0.0962,47
ESRX,02F Meta,3.4419,0.6522,0.1748,47
ESS,T+1,1.4115,0.6087,0.0383,47
ESS,T+15,0.5352,0.5217,0.0131,47
ESS,02F Meta,1.4115,0.6087,0.0383,47
ETFC,T+1,4.7144,0.6304,0.1766,47
ETFC,T+15,-3.4729,0.4565,-0.1199,47
ETFC,02F Meta,4.7144,0.6304,0.1766,47
ETN,T+1,-0.4151,0.4565,-0.0155,47
ETN,T+15,-2.3465,0.413,-0.0721,47
ETN,02F Meta,-0.4151,0.4565,-0.0155,47
ETR,T+1,-3.3528,0.413,-0.0896,47
ETR,T+15,-1.9185,0.4565,-0.0542,47
ETR,02F Meta,-3.3528,0.413,-0.0896,47
EVHC,T+1,1.0115,0.4783,0.0637,47
EVHC,T+15,-1.8914,0.4565,-0.1467,47
EVHC,02F Meta,1.0115,0.4783,0.0637,47
EW,T+1,-0.2336,0.5217,-0.013,47
EW,T+15,0.0932,0.5652,-0.0004,47
EW,02F Meta,-0.2336,0.5217,-0.013,47
EXC,T+1,0.7669,0.5652,0.0193,47
EXC,T+15,0.1303,0.4565,0.0015,47
EXC,02F Meta,0.7669,0.5652,0.0193,47
EXPD,T+1,0.0652,0.4565,-0.0006,47
EXPD,T+15,-0.0815,0.4783,-0.0053,47
EXPD,02F Meta,0.0652,0.4565,-0.0006,47
EXPE,T+1,-0.0129,0.4783,-0.0038,47
EXPE,T+15,-1.2397,0.5435,-0.0455,47
EXPE,02F Meta,-0.0129,0.4783,-0.0038,47
EXR,T+1,-2.4391,0.4348,-0.0692,47
EXR,T+15,0.9515,0.5435,0.0255,47
EXR,02F Meta,-2.4391,0.4348,-0.0692,47
F,T+1,-1.5338,0.5,-0.0629,47
F,T+15,0.8853,0.4565,0.0316,47
F,02F Meta,-1.5338,0.5,-0.0629,47
FAST,T+1,-0.4404,0.4783,-0.0252,47
FAST,T+15,-2.7033,0.4348,-0.1181,47
FAST,02F Meta,-0.4404,0.4783,-0.0252,47
FB,T+1,-1.9474,0.4565,-0.0754,47
FB,T+15,1.5775,0.5652,0.0581,47
FB,02F Meta,-1.9474,0.4565,-0.0754,47
FBHS,T+1,-2.0683,0.4783,-0.0654,47
FBHS,T+15,0.3888,0.5435,0.0096,47
FBHS,02F Meta,-2.0683,0.4783,-0.0654,47
FCX,T+1,3.94,0.5652,0.2692,47
FCX,T+15,1.9262,0.5,0.1197,47
FCX,02F Meta,3.94,0.5652,0.2692,47
FDX,T+1,2.4435,0.5652,0.0976,47
FDX,T+15,-1.6452,0.5,-0.0673,47
FDX,02F Meta,2.4435,0.5652,0.0976,47
FE,T+1,-1.4531,0.413,-0.0458,47
FE,T+15,-3.6419,0.3478,-0.1033,47
FE,02F Meta,-1.4531,0.413,-0.0458,47
FFIV,T+1,1.324,0.4783,0.0445,47
FFIV,T+15,-3.2731,0.413,-0.1103,47
FFIV,02F Meta,1.324,0.4783,0.0445,47
FIS,T+1,-3.8332,0.5,-0.0699,47
FIS,T+15,1.5948,0.6087,0.0303,47
FIS,02F Meta,-3.8332,0.5,-0.0699,47
FISV,T+1,-2.1816,0.413,-0.0468,47
FISV,T+15,-2.937,0.4348,-0.0615,47
FISV,02F Meta,-2.1816,0.413,-0.0468,47
FITB,T+1,2.2753,0.4348,0.0785,47
FITB,T+15,-2.257,0.413,-0.078,47
FITB,02F Meta,2.2753,0.4348,0.0785,47
FL,T+1,-2.4094,0.4783,-0.3242,47
FL,T+15,-2.4321,0.4783,-0.3264,47
FL,02F Meta,-2.4094,0.4783,-0.3242,47
FLIR,T+1,0.5567,0.6087,0.0133,47
FLIR,T+15,0.6047,0.5652,0.0144,47
FLIR,02F Meta,0.5567,0.6087,0.0133,47
FLR,T+1,4.006,0.6522,0.136,47
FLR,T+15,-6.42,0.2826,-0.1832,47
FLR,02F Meta,4.006,0.6522,0.136,47
FLS,T+1,1.2884,0.5435,0.05,47
FLS,T+15,-1.822,0.413,-0.0768,47
FLS,02F Meta,1.2884,0.5435,0.05,47
FMC,T+1,-2.135,0.5217,-0.0771,47
FMC,T+15,-3.5725,0.4783,-0.1207,47
FMC,02F Meta,-2.135,0.5217,-0.0771,47
FOX,T+1,-0.6834,0.5,-0.0518,47
FOX,T+15,-4.6568,0.4348,-0.2519,47
FOX,02F Meta,-0.6834,0.5,-0.0518,47
FOXA,T+1,-0.9021,0.4348,-0.0668,47
FOXA,T+15,-2.9625,0.5217,-0.1805,47
FOXA,02F Meta,-0.9021,0.4348,-0.0668,47
FRT,T+1,-2.5015,0.4565,-0.0786,47
FRT,T+15,-1.1716,0.5217,-0.0386,47
FRT,02F Meta,-2.5015,0.4565,-0.0786,47
FTI,T+1,2.2006,0.5,0.132,47
FTI,T+15,-5.491,0.3913,-0.2807,47
FTI,02F Meta,2.2006,0.5,0.132,47
FTV,T+1,-2.6434,0.3913,-0.0612,47
FTV,T+15,0.4885,0.5,0.0101,47
FTV,02F Meta,-2.6434,0.3913,-0.0612,47
GD,T+1,0.5269,0.5217,0.0127,47
GD,T+15,0.0356,0.4783,-0.0011,47
GD,02F Meta,0.5269,0.5217,0.0127,47
GE,T+1,2.295,0.5435,0.1291,47
GE,T+15,0.8183,0.5217,0.0389,47
GE,02F Meta,2.295,0.5435,0.1291,47
GGP,T+1,0.7581,0.5217,0.0278,47
GGP,T+15,2.2083,0.5,0.0908,47
GGP,02F Meta,0.7581,0.5217,0.0278,47
GILD,T+1,-1.4789,0.4783,-0.0665,47
GILD,T+15,1.4521,0.4783,0.0595,47
GILD,02F Meta,-1.4789,0.4783,-0.0665,47
GIS,T+1,1.6688,0.5435,0.0596,47
GIS,T+15,-1.2014,0.4348,-0.0471,47
GIS,02F Meta,1.6688,0.5435,0.0596,47
GLW,T+1,-5.2205,0.413,-0.142,47
GLW,T+15,2.6684,0.5435,0.0786,47
GLW,02F Meta,-5.2205,0.413,-0.142,47
GM,T+1,-1.4803,0.4783,-0.0602,47
GM,T+15,-1.5508,0.413,-0.0632,47
GM,02F Meta,-1.4803,0.4783,-0.0602,47
GOOG,T+1,-0.4238,0.4565,-0.0132,47
GOOG,T+15,-2.2703,0.4348,-0.0609,47
GOOG,02F Meta,-0.4238,0.4565,-0.0132,47
GOOGL,T+1,-0.3755,0.5217,-0.012,47
GOOGL,T+15,-1.2559,0.5,-0.0352,47
GOOGL,02F Meta,-0.3755,0.5217,-0.012,47
GPC,T+1,5.462,0.6522,0.1634,47
GPC,T+15,-2.4155,0.4783,-0.0711,47
GPC,02F Meta,5.462,0.6522,0.1634,47
GPN,T+1,-2.9498,0.4348,-0.1186,47
GPN,T+15,1.7037,0.5,0.0686,47
GPN,02F Meta,-2.9498,0.4348,-0.1186,47
GPS,T+1,-0.9549,0.5217,-0.0729,47
GPS,T+15,-0.3918,0.5,-0.0376,47
GPS,02F Meta,-0.9549,0.5217,-0.0729,47
GRMN,T+1,0.9353,0.4783,0.0262,47
GRMN,T+15,-0.4361,0.4783,-0.0156,47
GRMN,02F Meta,0.9353,0.4783,0.0262,47
GS,T+1,-0.6539,0.4348,-0.0223,47
GS,T+15,-2.5258,0.4565,-0.076,47
GS,02F Meta,-0.6539,0.4348,-0.0223,47
GT,T+1,-0.1819,0.5217,-0.01,47
GT,T+15,-2.1338,0.4348,-0.0772,47
GT,02F Meta,-0.1819,0.5217,-0.01,47
GWW,T+1,4.6642,0.5435,0.2272,47
GWW,T+15,-1.1648,0.5435,-0.0587,47
GWW,02F Meta,4.6642,0.5435,0.2272,47
HAL,T+1,5.8957,0.6739,0.2489,47
HAL,T+15,-11.6048,0.2391,-0.3237,47
HAL,02F Meta,5.8957,0.6739,0.2489,47
HAS,T+1,-4.0472,0.3913,-0.1592,47
HAS,T+15,-1.1567,0.4565,-0.0534,47
HAS,02F Meta,-4.0472,0.3913,-0.1592,47
HBAN,T+1,1.8408,0.4783,0.0661,47
HBAN,T+15,-0.242,0.5435,-0.0123,47
HBAN,02F Meta,1.8408,0.4783,0.0661,47
HBI,T+1,-0.4729,0.4565,-0.0225,47
HBI,T+15,0.694,0.5217,0.0234,47
HBI,02F Meta,-0.4729,0.4565,-0.0225,47
HCA,T+1,1.3187,0.5652,0.06,47
HCA,T+15,3.2574,0.6087,0.1612,47
HCA,02F Meta,1.3187,0.5652,0.06,47
HCN,T+1,-3.5012,0.4348,-0.0987,47
HCN,T+15,-4.5975,0.4783,-0.1247,47
HCN,02F Meta,-3.5012,0.4348,-0.0987,47
HCP,T+1,3.1062,0.4348,0.0903,47
HCP,T+15,-4.3086,0.4348,-0.1168,47
HCP,02F Meta,3.1062,0.4348,0.0903,47
HD,T+1,2.4161,0.5435,0.0673,47
HD,T+15,-1.379,0.5,-0.0398,47
HD,02F Meta,2.4161,0.5435,0.0673,47
HES,T+1,1.1058,0.5,0.059,47
HES,T+15,-3.6399,0.4348,-0.2036,47
HES,02F Meta,1.1058,0.5,0.059,47
HIG,T+1,-3.5411,0.3478,-0.0956,47
HIG,T+15,-0.4836,0.5652,-0.0158,47
HIG,02F Meta,-3.5411,0.3478,-0.0956,47
HII,T+1,-2.226,0.4348,-0.0964,47
HII,T+15,3.687,0.5435,0.1624,47
HII,02F Meta,-2.226,0.4348,-0.0964,47
HLT,T+1,3.4361,0.6522,0.0932,47
HLT,T+15,-5.3416,0.3696,-0.1309,47
HLT,02F Meta,3.4361,0.6522,0.0932,47
HOG,T+1,1.4621,0.5435,0.0694,47
HOG,T+15,-1.2014,0.4783,-0.0654,47
HOG,02F Meta,1.4621,0.5435,0.0694,47
HOLX,T+1,0.1821,0.4348,0.003,47
HOLX,T+15,-0.3,0.5,-0.017,47
HOLX,02F Meta,0.1821,0.4348,0.003,47
HON,T+1,-1.6884,0.4348,-0.037,47
HON,T+15,-0.1548,0.4783,-0.0044,47
HON,02F Meta,-1.6884,0.4348,-0.037,47
HP,T+1,2.9973,0.5217,0.1518,47
HP,T+15,-5.3423,0.3696,-0.231,47
HP,02F Meta,2.9973,0.5217,0.1518,47
HPE,T+1,-3.9799,0.3478,-0.1963,47
HPE,T+15,3.4505,0.5,0.1928,47
HPE,02F Meta,-3.9799,0.3478,-0.1963,47
HPQ,T+1,0.9837,0.587,0.0326,47
HPQ,T+15,2.8613,0.4783,0.1028,47
HPQ,02F Meta,0.9837,0.587,0.0326,47
HRB,T+1,-1.8203,0.3696,-0.1198,47
HRB,T+15,-1.3268,0.4783,-0.0924,47
HRB,02F Meta,-1.8203,0.3696,-0.1198,47
HRL,T+1,1.4711,0.5652,0.0522,47
HRL,T+15,-2.2197,0.5,-0.0815,47
HRL,02F Meta,1.4711,0.5652,0.0522,47
HRS,T+1,-1.4883,0.4348,-0.0407,47
HRS,T+15,-1.6696,0.5435,-0.0445,47
HRS,02F Meta,-1.4883,0.4348,-0.0407,47
HSIC,T+1,-1.7658,0.4348,-0.0784,47
HSIC,T+15,4.9163,0.6087,0.2179,47
HSIC,02F Meta,-1.7658,0.4348,-0.0784,47
HST,T+1,-3.9577,0.3913,-0.1119,47
HST,T+15,-2.7233,0.413,-0.0791,47
HST,02F Meta,-3.9577,0.3913,-0.1119,47
HSY,T+1,0.3293,0.5217,0.0069,47
HSY,T+15,-0.4012,0.4565,-0.0125,47
HSY,02F Meta,0.3293,0.5217,0.0069,47
HUM,T+1,3.49,0.5435,0.1564,47
HUM,T+15,0.7782,0.5652,0.0296,47
HUM,02F Meta,3.49,0.5435,0.1564,47
IBM,T+1,0.651,0.5217,0.0159,47
IBM,T+15,-4.0171,0.3696,-0.1027,47
IBM,02F Meta,0.651,0.5217,0.0159,47
ICE,T+1,-0.0805,0.5435,-0.0041,47
ICE,T+15,-2.074,0.3913,-0.0548,47
ICE,02F Meta,-0.0805,0.5435,-0.0041,47
IDXX,T+1,3.0241,0.5217,0.1043,47
IDXX,T+15,-0.8896,0.4348,-0.0334,47
IDXX,02F Meta,3.0241,0.5217,0.1043,47
IFF,T+1,-2.4572,0.4348,-0.0674,47
IFF,T+15,2.1514,0.4565,0.0576,47
IFF,02F Meta,-2.4572,0.4348,-0.0674,47
ILMN,T+1,0.7559,0.5,0.0339,47
ILMN,T+15,1.965,0.5217,0.1038,47
ILMN,02F Meta,0.7559,0.5,0.0339,47
INCY,T+1,-1.6507,0.5,-0.1133,47
INCY,T+15,-4.3576,0.3478,-0.252,47
INCY,02F Meta,-1.6507,0.5,-0.1133,47
INFO,T+1,2.3267,0.6087,0.0571,47
INFO,T+15,1.0042,0.5217,0.0234,47
INFO,02F Meta,2.3267,0.6087,0.0571,47
INTC,T+1,-2.538,0.4348,-0.1085,47
INTC,T+15,-2.6103,0.4783,-0.1107,47
INTC,02F Meta,-2.538,0.4348,-0.1085,47
INTU,T+1,-0.2665,0.4565,-0.0103,47
INTU,T+15,-2.1387,0.4565,-0.0642,47
INTU,02F Meta,-0.2665,0.4565,-0.0103,47
IP,T+1,2.5214,0.6087,0.0793,47
IP,T+15,1.2937,0.5652,0.0391,47
IP,02F Meta,2.5214,0.6087,0.0793,47
IPG,T+1,-0.6341,0.4783,-0.0325,47
IPG,T+15,-1.0331,0.5,-0.0497,47
IPG,02F Meta,-0.6341,0.4783,-0.0325,47
IQV,T+1,-2.1879,0.4565,-0.0497,47
IQV,T+15,0.921,0.5217,0.0196,47
IQV,02F Meta,-2.1879,0.4565,-0.0497,47
IR,T+1,0.5717,0.5217,0.0161,47
IR,T+15,-3.7159,0.3696,-0.1161,47
IR,02F Meta,0.5717,0.5217,0.0161,47
IRM,T+1,2.5807,0.5652,0.1003,47
IRM,T+15,2.158,0.6304,0.0822,47
IRM,02F Meta,2.5807,0.5652,0.1003,47
ISRG,T+1,0.2909,0.4783,0.0079,47
ISRG,T+15,-0.3466,0.4783,-0.0282,47
ISRG,02F Meta,0.2909,0.4783,0.0079,47
IT,T+1,0.4286,0.4565,0.0104,47
IT,T+15,-3.2911,0.4565,-0.0911,47
IT,02F Meta,0.4286,0.4565,0.0104,47
ITW,T+1,0.3423,0.5,0.0073,47
ITW,T+15,5.26,0.6739,0.1415,47
ITW,02F Meta,0.3423,0.5,0.0073,47
IVZ,T+1,-2.5005,0.3913,-0.0731,47
IVZ,T+15,1.3122,0.5435,0.0368,47
IVZ,02F Meta,-2.5005,0.3913,-0.0731,47
JBHT,T+1,5.1925,0.6304,0.1647,47
JBHT,T+15,1.5918,0.6304,0.0482,47
JBHT,02F Meta,5.1925,0.6304,0.1647,47
JCI,T+1,2.6685,0.587,0.1266,47
JCI,T+15,-3.9223,0.4348,-0.1727,47
JCI,02F Meta,2.6685,0.587,0.1266,47
JEC,T+1,2.9798,0.5217,0.1556,47
JEC,T+15,2.3088,0.5435,0.1181,47
JEC,02F Meta,2.9798,0.5217,0.1556,47
JNJ,T+1,0.5027,0.5652,0.008,47
JNJ,T+15,1.8356,0.6522,0.0316,47
JNJ,02F Meta,0.5027,0.5652,0.008,47
JNPR,T+1,0.3231,0.5217,0.0096,47
JNPR,T+15,1.2409,0.5217,0.0582,47
JNPR,02F Meta,0.3231,0.5217,0.0096,47
JPM,T+1,2.7474,0.5,0.0807,47
JPM,T+15,-2.6925,0.5217,-0.0773,47
JPM,02F Meta,2.7474,0.5,0.0807,47
JWN,T+1,0.3453,0.413,0.0113,47
JWN,T+15,-4.1892,0.3696,-0.2342,47
JWN,02F Meta,0.3453,0.413,0.0113,47
K,T+1,0.2718,0.5217,0.0063,47
K,T+15,0.408,0.5217,0.0113,47
K,02F Meta,0.2718,0.5217,0.0063,47
KEY,T+1,5.1768,0.5,0.1838,47
KEY,T+15,-0.416,0.587,-0.0176,47
KEY,02F Meta,5.1768,0.5,0.1838,47
KHC,T+1,-3.8024,0.4783,-0.0895,47
KHC,T+15,-5.7457,0.4565,-0.1293,47
KHC,02F Meta,-3.8024,0.4783,-0.0895,47
KIM,T+1,1.6239,0.4348,0.0636,47
KIM,T+15,-2.8707,0.3913,-0.1131,47
KIM,02F Meta,1.6239,0.4348,0.0636,47
KLAC,T+1,-1.1143,0.4565,-0.076,47
KLAC,T+15,-1.5466,0.6087,-0.1007,47
KLAC,02F Meta,-1.1143,0.4565,-0.076,47
KMB,T+1,1.9064,0.5217,0.0599,47
KMB,T+15,-1.0811,0.5,-0.0368,47
KMB,02F Meta,1.9064,0.5217,0.0599,47
KMI,T+1,-0.2738,0.5,-0.0136,47
KMI,T+15,-1.0397,0.5652,-0.041,47
KMI,02F Meta,-0.2738,0.5,-0.0136,47
KMX,T+1,0.8533,0.5217,0.0351,47
KMX,T+15,-0.3563,0.5217,-0.0229,47
KMX,02F Meta,0.8533,0.5217,0.0351,47
KO,T+1,-2.8002,0.4783,-0.0552,47
KO,T+15,1.7942,0.6087,0.0351,47
KO,02F Meta,-2.8002,0.4783,-0.0552,47
KORS,T+1,4.7089,0.6522,0.1562,47
KORS,T+15,-1.9468,0.4565,-0.0647,47
KORS,02F Meta,4.7089,0.6522,0.1562,47
KR,T+1,2.7588,0.587,0.1668,47
KR,T+15,-4.6917,0.3913,-0.2449,47
KR,02F Meta,2.7588,0.587,0.1668,47
KSS,T+1,2.0043,0.5435,0.1406,47
KSS,T+15,-3.7335,0.413,-0.2452,47
KSS,02F Meta,2.0043,0.5435,0.1406,47
KSU,T+1,-0.054,0.5217,-0.0059,47
KSU,T+15,-0.0709,0.5,-0.0065,47
KSU,02F Meta,-0.054,0.5217,-0.0059,47
L,T+1,-0.2576,0.4348,-0.006,47
L,T+15,-2.5047,0.3913,-0.048,47
L,02F Meta,-0.2576,0.4348,-0.006,47
LB,T+1,1.9655,0.5435,0.1576,47
LB,T+15,1.9206,0.6087,0.1528,47
LB,02F Meta,1.9655,0.5435,0.1576,47
LEG,T+1,-1.5703,0.4783,-0.0438,47
LEG,T+15,-2.7228,0.413,-0.0728,47
LEG,02F Meta,-1.5703,0.4783,-0.0438,47
LEN,T+1,1.9822,0.5,0.0749,47
LEN,T+15,5.0135,0.6304,0.1969,47
LEN,02F Meta,1.9822,0.5,0.0749,47
LH,T+1,0.2185,0.4783,0.0043,47
LH,T+15,2.0463,0.5435,0.0652,47
LH,02F Meta,0.2185,0.4783,0.0043,47
LKQ,T+1,1.7401,0.4565,0.0444,47
LKQ,T+15,1.1865,0.5,0.0293,47
LKQ,02F Meta,1.7401,0.4565,0.0444,47
LLL,T+1,2.802,0.6087,0.08,47
LLL,T+15,2.1732,0.587,0.0609,47
LLL,02F Meta,2.802,0.6087,0.08,47
LLY,T+1,0.2618,0.5652,0.0043,47
LLY,T+15,2.058,0.587,0.0423,47
LLY,02F Meta,0.2618,0.5652,0.0043,47
LMT,T+1,-1.5262,0.4348,-0.0393,47
LMT,T+15,1.1598,0.4783,0.0276,47
LMT,02F Meta,-1.5262,0.4348,-0.0393,47
LNC,T+1,2.6244,0.5435,0.0886,47
LNC,T+15,-3.8068,0.413,-0.1225,47
LNC,02F Meta,2.6244,0.5435,0.0886,47
LNT,T+1,-2.7312,0.413,-0.0749,47
LNT,T+15,-1.699,0.4348,-0.0481,47
LNT,02F Meta,-2.7312,0.413,-0.0749,47
LOW,T+1,3.1284,0.587,0.1554,47
LOW,T+15,1.718,0.6304,0.0806,47
LOW,02F Meta,3.1284,0.587,0.1554,47
LRCX,T+1,-0.2674,0.5435,-0.0304,47
LRCX,T+15,-0.1339,0.413,-0.0216,47
LRCX,02F Meta,-0.2674,0.5435,-0.0304,47
LUK,T+1,1.4174,0.4783,0.043,47
LUK,T+15,3.7362,0.587,0.1179,47
LUK,02F Meta,1.4174,0.4783,0.043,47
LUV,T+1,2.2444,0.5217,0.0983,47
LUV,T+15,1.8981,0.4783,0.0822,47
LUV,02F Meta,2.2444,0.5217,0.0983,47
LYB,T+1,0.0455,0.5,-0.0009,47
LYB,T+15,-1.4984,0.5,-0.0442,47
LYB,02F Meta,0.0455,0.5,-0.0009,47
M,T+1,-1.3608,0.5,-0.143,47
M,T+15,-3.4067,0.4348,-0.29,47
M,02F Meta,-1.3608,0.5,-0.143,47
MA,T+1,1.2869,0.587,0.0424,47
MA,T+15,-3.1604,0.3478,-0.1057,47
MA,02F Meta,1.2869,0.587,0.0424,47
MAA,T+1,-2.1791,0.4348,-0.0674,47
MAA,T+15,-4.8054,0.4348,-0.136,47
MAA,02F Meta,-2.1791,0.4348,-0.0674,47
MAC,T+1,-1.5367,0.3913,-0.0819,47
MAC,T+15,-0.8165,0.4348,-0.0476,47
MAC,02F Meta,-1.5367,0.3913,-0.0819,47
MAR,T+1,2.3945,0.5435,0.0728,47
MAR,T+15,-4.0259,0.4783,-0.1144,47
MAR,02F Meta,2.3945,0.5435,0.0728,47
MAS,T+1,1.6031,0.5217,0.0515,47
MAS,T+15,8.5767,0.7174,0.275,47
MAS,02F Meta,1.6031,0.5217,0.0515,47
MAT,T+1,-4.0313,0.3696,-0.407,47
MAT,T+15,-4.7987,0.3478,-0.4547,47
MAT,02F Meta,-4.0313,0.3696,-0.407,47
MCD,T+1,0.0203,0.5217,-0.0006,47
MCD,T+15,-2.4224,0.4565,-0.0461,47
MCD,02F Meta,0.0203,0.5217,-0.0006,47
MCHP,T+1,-0.4114,0.4783,-0.0204,47
MCHP,T+15,-1.5702,0.5217,-0.0649,47
MCHP,02F Meta,-0.4114,0.4783,-0.0204,47
MCK,T+1,1.4278,0.5217,0.0631,47
MCK,T+15,0.0647,0.5435,-0.0028,47
MCK,02F Meta,1.4278,0.5217,0.0631,47
MCO,T+1,2.0728,0.6087,0.0538,47
MCO,T+15,4.8766,0.6522,0.1262,47
MCO,02F Meta,2.0728,0.6087,0.0538,47
MDLZ,T+1,-1.0162,0.4565,-0.023,47
MDLZ,T+15,-1.8368,0.413,-0.0405,47
MDLZ,02F Meta,-1.0162,0.4565,-0.023,47
MDT,T+1,-1.4095,0.3913,-0.0569,47
MDT,T+15,1.0728,0.5,0.0381,47
MDT,02F Meta,-1.4095,0.3913,-0.0569,47
MET,T+1,1.7494,0.5217,0.0476,47
MET,T+15,-1.3537,0.4565,-0.0389,47
MET,02F Meta,1.7494,0.5217,0.0476,47
MGM,T+1,0.1672,0.5,0.0026,47
MGM,T+15,-0.9457,0.4783,-0.0359,47
MGM,02F Meta,0.1672,0.5,0.0026,47
MHK,T+1,-1.5402,0.3913,-0.0389,47
MHK,T+15,0.482,0.5,0.0103,47
MHK,02F Meta,-1.5402,0.3913,-0.0389,47
MKC,T+1,-1.5722,0.3696,-0.0444,47
MKC,T+15,-1.9593,0.4783,-0.0549,47
MKC,02F Meta,-1.5722,0.3696,-0.0444,47
MLM,T+1,-0.585,0.5435,-0.0331,47
MLM,T+15,4.6978,0.587,0.2281,47
MLM,02F Meta,-0.585,0.5435,-0.0331,47
MMC,T+1,-1.6748,0.413,-0.0393,47
MMC,T+15,-0.0782,0.4565,-0.0033,47
MMC,02F Meta,-1.6748,0.413,-0.0393,47
MMM,T+1,3.0076,0.5652,0.0652,47
MMM,T+15,-2.8809,0.4348,-0.0614,47
MMM,02F Meta,3.0076,0.5652,0.0652,47
MNST,T+1,1.5103,0.5652,0.0546,47
MNST,T+15,-5.9249,0.3696,-0.1953,47
MNST,02F Meta,1.5103,0.5652,0.0546,47
MO,T+1,-0.1479,0.5,-0.0066,47
MO,T+15,0.6334,0.587,0.0162,47
MO,02F Meta,-0.1479,0.5,-0.0066,47
MON,T+1,-0.2935,0.5652,-0.0048,47
MON,T+15,-1.5512,0.5217,-0.0217,47
MON,02F Meta,-0.2935,0.5652,-0.0048,47
MOS,T+1,-0.9517,0.4565,-0.0584,47
MOS,T+15,-1.7832,0.413,-0.1002,47
MOS,02F Meta,-0.9517,0.4565,-0.0584,47
MPC,T+1,1.4823,0.5652,0.0473,47
MPC,T+15,-0.7954,0.5217,-0.029,47
MPC,02F Meta,1.4823,0.5652,0.0473,47
MRK,T+1,1.0568,0.5,0.0351,47
MRK,T+15,-2.0424,0.6087,-0.0738,47
MRK,02F Meta,1.0568,0.5,0.0351,47
MRO,T+1,0.97,0.5217,0.0525,47
MRO,T+15,-2.6636,0.413,-0.1634,47
MRO,02F Meta,0.97,0.5217,0.0525,47
MS,T+1,1.443,0.4348,0.0395,47
MS,T+15,-5.1526,0.3913,-0.1318,47
MS,02F Meta,1.443,0.4348,0.0395,47
MSFT,T+1,0.0967,0.4565,0.0003,47
MSFT,T+15,-3.3852,0.3913,-0.1038,47
MSFT,02F Meta,0.0967,0.4565,0.0003,47
MSI,T+1,0.2542,0.5,0.0055,47
MSI,T+15,0.724,0.5,0.021,47
MSI,02F Meta,0.2542,0.5,0.0055,47
MTB,T+1,-1.2094,0.3913,-0.0384,47
MTB,T+15,-2.0445,0.4783,-0.0618,47
MTB,02F Meta,-1.2094,0.3913,-0.0384,47
MTD,T+1,-0.2953,0.5,-0.0112,47
MTD,T+15,1.8717,0.5435,0.0544,47
MTD,02F Meta,-0.2953,0.5,-0.0112,47
MU,T+1,-1.0066,0.413,-0.0971,47
MU,T+15,-0.6458,0.4348,-0.0703,47
MU,02F Meta,-1.0066,0.413,-0.0971,47
MYL,T+1,3.2145,0.6304,0.1593,47
MYL,T+15,-1.9799,0.4348,-0.0981,47
MYL,02F Meta,3.2145,0.6304,0.1593,47
NAVI,T+1,-3.2278,0.3696,-0.1602,47
NAVI,T+15,-3.3878,0.4783,-0.1673,47
NAVI,02F Meta,-3.2278,0.3696,-0.1602,47
NBL,T+1,2.6317,0.5217,0.141,47
NBL,T+15,-4.8973,0.413,-0.2281,47
NBL,02F Meta,2.6317,0.5217,0.141,47
NCLH,T+1,-1.0329,0.5,-0.0459,47
NCLH,T+15,2.2115,0.5217,0.0899,47
NCLH,02F Meta,-1.0329,0.5,-0.0459,47
NDAQ,T+1,1.9774,0.5435,0.0489,47
NDAQ,T+15,-1.6208,0.4783,-0.0419,47
NDAQ,02F Meta,1.9774,0.5435,0.0489,47
NEE,T+1,-7.5542,0.3043,-0.1392,47
NEE,T+15,-0.1268,0.4565,-0.004,47
NEE,02F Meta,-7.5542,0.3043,-0.1392,47
NEM,T+1,1.0609,0.5652,0.0329,47
NEM,T+15,-1.0912,0.413,-0.0389,47
NEM,02F Meta,1.0609,0.5652,0.0329,47
NFLX,T+1,2.6055,0.5652,0.1254,47
NFLX,T+15,0.7178,0.413,0.0292,47
NFLX,02F Meta,2.6055,0.5652,0.1254,47
NFX,T+1,-3.0056,0.3913,-0.2096,47
NFX,T+15,-0.2107,0.5,-0.0301,47
NFX,02F Meta,-3.0056,0.3913,-0.2096,47
NI,T+1,-0.8485,0.413,-0.0294,47
NI,T+15,0.0377,0.4783,-0.0015,47
NI,02F Meta,-0.8485,0.413,-0.0294,47
NKE,T+1,0.6806,0.587,0.0196,47
NKE,T+15,0.3267,0.5217,0.0079,47
NKE,02F Meta,0.6806,0.587,0.0196,47
NLSN,T+1,-1.3236,0.4783,-0.0589,47
NLSN,T+15,-3.7395,0.3478,-0.1479,47
NLSN,02F Meta,-1.3236,0.4783,-0.0589,47
NOC,T+1,-3.7426,0.413,-0.0906,47
NOC,T+15,-0.1814,0.5,-0.0062,47
NOC,02F Meta,-3.7426,0.413,-0.0906,47
NOV,T+1,3.4978,0.5435,0.1637,47
NOV,T+15,-4.0083,0.3696,-0.1689,47
NOV,02F Meta,3.4978,0.5435,0.1637,47
NRG,T+1,-1.7462,0.4783,-0.076,47
NRG,T+15,-0.1606,0.5217,-0.0117,47
NRG,02F Meta,-1.7462,0.4783,-0.076,47
NSC,T+1,-0.2013,0.5217,-0.0112,47
NSC,T+15,-1.8142,0.5217,-0.0681,47
NSC,02F Meta,-0.2013,0.5217,-0.0112,47
NTAP,T+1,-1.1732,0.5,-0.1031,47
NTAP,T+15,1.03,0.4348,0.0666,47
NTAP,02F Meta,-1.1732,0.5,-0.1031,47
NTRS,T+1,-0.4305,0.4348,-0.0142,47
NTRS,T+15,0.2178,0.5217,0.004,47
NTRS,02F Meta,-0.4305,0.4348,-0.0142,47
NUE,T+1,3.1675,0.5652,0.143,47
NUE,T+15,-3.3089,0.5,-0.1399,47
NUE,02F Meta,3.1675,0.5652,0.143,47
NVDA,T+1,0.307,0.4783,0.0086,47
NVDA,T+15,3.1503,0.6087,0.2152,47
NVDA,02F Meta,0.307,0.4783,0.0086,47
NWL,T+1,0.651,0.5652,0.0268,47
NWL,T+15,-5.1359,0.413,-0.2298,47
NWL,02F Meta,0.651,0.5652,0.0268,47
NWS,T+1,2.7642,0.5,0.1091,47
NWS,T+15,2.1209,0.413,0.0821,47
NWS,02F Meta,2.7642,0.5,0.1091,47
NWSA,T+1,3.2639,0.587,0.129,47
NWSA,T+15,3.4736,0.5,0.1385,47
NWSA,02F Meta,3.2639,0.587,0.129,47
O,T+1,2.1472,0.6304,0.0568,47
O,T+15,-1.436,0.5,-0.0399,47
O,02F Meta,2.1472,0.6304,0.0568,47
OKE,T+1,1.6353,0.5217,0.051,47
OKE,T+15,-2.4353,0.4348,-0.0777,47
OKE,02F Meta,1.6353,0.5217,0.051,47
OMC,T+1,-2.6579,0.413,-0.1109,47
OMC,T+15,2.4674,0.6087,0.1039,47
OMC,02F Meta,-2.6579,0.413,-0.1109,47
ORCL,T+1,-3.7962,0.4783,-0.12,47
ORCL,T+15,0.9101,0.6522,0.0279,47
ORCL,02F Meta,-3.7962,0.4783,-0.12,47
ORLY,T+1,-2.574,0.413,-0.1368,47
ORLY,T+15,-4.0181,0.5435,-0.1979,47
ORLY,02F Meta,-2.574,0.413,-0.1368,47
OXY,T+1,2.6234,0.5435,0.0655,47
OXY,T+15,-0.2034,0.5,-0.0067,47
OXY,02F Meta,2.6234,0.5435,0.0655,47
PAYX,T+1,-0.7019,0.5217,-0.0203,47
PAYX,T+15,1.843,0.6087,0.0478,47
PAYX,02F Meta,-0.7019,0.5217,-0.0203,47
PBCT,T+1,1.5926,0.5217,0.0476,47
PBCT,T+15,-3.5597,0.4348,-0.1052,47
PBCT,02F Meta,1.5926,0.5217,0.0476,47
PCAR,T+1,1.5662,0.5217,0.0571,47
PCAR,T+15,0.386,0.5,0.0109,47
PCAR,02F Meta,1.5662,0.5217,0.0571,47
PCG,T+1,-0.1101,0.3478,-0.0172,47
PCG,T+15,-2.0537,0.4783,-0.1333,47
PCG,02F Meta,-0.1101,0.3478,-0.0172,47
PCLN,T+1,1.4057,0.5217,0.0385,47
PCLN,T+15,-0.9356,0.5217,-0.0287,47
PCLN,02F Meta,1.4057,0.5217,0.0385,47
PDCO,T+1,-2.4822,0.3913,-0.1505,47
PDCO,T+15,-0.2667,0.5,-0.0264,47
PDCO,02F Meta,-2.4822,0.3913,-0.1505,47
PEG,T+1,1.8179,0.5652,0.0433,47
PEG,T+15,-0.6843,0.5,-0.0181,47
PEG,02F Meta,1.8179,0.5652,0.0433,47
PEP,T+1,0.9172,0.5217,0.0179,47
PEP,T+15,2.2417,0.5,0.0453,47
PEP,02F Meta,0.9172,0.5217,0.0179,47
PFE,T+1,-1.1262,0.4783,-0.0227,47
PFE,T+15,-1.0302,0.4783,-0.021,47
PFE,02F Meta,-1.1262,0.4783,-0.0227,47
PFG,T+1,0.7269,0.5,0.0146,47
PFG,T+15,-3.3767,0.4348,-0.0708,47
PFG,02F Meta,0.7269,0.5,0.0146,47
PG,T+1,-1.2529,0.4565,-0.0233,47
PG,T+15,0.6041,0.5,0.0102,47
PG,02F Meta,-1.2529,0.4565,-0.0233,47
PGR,T+1,2.4867,0.5435,0.0533,47
PGR,T+15,-11.6545,0.2609,-0.1881,47
PGR,02F Meta,2.4867,0.5435,0.0533,47
PH,T+1,-1.8716,0.5,-0.05,47
PH,T+15,-3.1488,0.4348,-0.0808,47
PH,02F Meta,-1.8716,0.5,-0.05,47
PHM,T+1,-0.1134,0.587,-0.0083,47
PHM,T+15,1.6683,0.587,0.0613,47
PHM,02F Meta,-0.1134,0.587,-0.0083,47
PKG,T+1,0.06,0.5,-0.001,47
PKG,T+15,2.4209,0.6304,0.0797,47
PKG,02F Meta,0.06,0.5,-0.001,47
PKI,T+1,-0.0627,0.5435,-0.005,47
PKI,T+15,-4.0582,0.3478,-0.1246,47
PKI,02F Meta,-0.0627,0.5435,-0.005,47
PLD,T+1,-3.912,0.3696,-0.1204,47
PLD,T+15,2.4802,0.6522,0.0799,47
PLD,02F Meta,-3.912,0.3696,-0.1204,47
PM,T+1,-0.9268,0.413,-0.0261,47
PM,T+15,1.1237,0.4783,0.0283,47
PM,02F Meta,-0.9268,0.413,-0.0261,47
PNC,T+1,2.7142,0.4565,0.0754,47
PNC,T+15,-1.4961,0.4348,-0.0425,47
PNC,02F Meta,2.7142,0.4565,0.0754,47
PNR,T+1,-1.7761,0.3913,-0.0463,47
PNR,T+15,-0.1055,0.5652,-0.0045,47
PNR,02F Meta,-1.7761,0.3913,-0.0463,47
PNW,T+1,1.8101,0.5652,0.0499,47
PNW,T+15,-4.3198,0.3913,-0.114,47
PNW,02F Meta,1.8101,0.5652,0.0499,47
PPG,T+1,1.7287,0.5217,0.038,47
PPG,T+15,-3.3936,0.3913,-0.073,47
PPG,02F Meta,1.7287,0.5217,0.038,47
PPL,T+1,2.151,0.3913,0.0704,47
PPL,T+15,0.3525,0.587,0.0088,47
PPL,02F Meta,2.151,0.3913,0.0704,47
PRGO,T+1,0.9803,0.5217,0.0448,47
PRGO,T+15,-0.9843,0.5652,-0.0573,47
PRGO,02F Meta,0.9803,0.5217,0.0448,47
PRU,T+1,2.0671,0.5,0.0599,47
PRU,T+15,-3.3882,0.4565,-0.0948,47
PRU,02F Meta,2.0671,0.5,0.0599,47
PSA,T+1,-2.2898,0.413,-0.069,47
PSA,T+15,-2.7348,0.5435,-0.0801,47
PSA,02F Meta,-2.2898,0.413,-0.069,47
PSX,T+1,1.1113,0.5435,0.0291,47
PSX,T+15,-0.121,0.5,-0.0054,47
PSX,02F Meta,1.1113,0.5435,0.0291,47
PVH,T+1,-3.6522,0.413,-0.1181,47
PVH,T+15,0.0555,0.4783,-0.0013,47
PVH,02F Meta,-3.6522,0.413,-0.1181,47
PWR,T+1,-3.608,0.3696,-0.1478,47
PWR,T+15,0.7416,0.5217,0.0276,47
PWR,02F Meta,-3.608,0.3696,-0.1478,47
PX,T+1,-0.5745,0.4783,-0.0186,47
PX,T+15,-1.0432,0.5217,-0.0319,47
PX,02F Meta,-0.5745,0.4783,-0.0186,47
PXD,T+1,0.0471,0.4783,-0.003,47
PXD,T+15,-4.7421,0.413,-0.184,47
PXD,02F Meta,0.0471,0.4783,-0.003,47
PYPL,T+1,3.1947,0.5435,0.1849,47
PYPL,T+15,-1.9817,0.5217,-0.1151,47
PYPL,02F Meta,3.1947,0.5435,0.1849,47
QCOM,T+1,-0.8681,0.5217,-0.0337,47
QCOM,T+15,-0.5968,0.5435,-0.0242,47
QCOM,02F Meta,-0.8681,0.5217,-0.0337,47
QRVO,T+1,-0.7219,0.5,-0.0425,47
QRVO,T+15,1.0687,0.5435,0.0475,47
QRVO,02F Meta,-0.7219,0.5,-0.0425,47
RCL,T+1,-5.4078,0.4348,-0.1733,47
RCL,T+15,-1.3716,0.4783,-0.0523,47
RCL,02F Meta,-5.4078,0.4348,-0.1733,47
RE,T+1,-3.3211,0.4348,-0.1111,47
RE,T+15,-1.643,0.4565,-0.0585,47
RE,02F Meta,-3.3211,0.4348,-0.1111,47
REG,T+1,-0.704,0.5,-0.0212,47
REG,T+15,-2.2351,0.5217,-0.0611,47
REG,02F Meta,-0.704,0.5,-0.0212,47
REGN,T+1,-1.8658,0.5217,-0.0861,47
REGN,T+15,1.65,0.5435,0.0719,47
REGN,02F Meta,-1.8658,0.5217,-0.0861,47
RF,T+1,3.9975,0.5,0.136,47
RF,T+15,-0.1118,0.587,-0.0067,47
RF,02F Meta,3.9975,0.5,0.136,47
RHI,T+1,2.4545,0.5217,0.0951,47
RHI,T+15,1.2699,0.4348,0.047,47
RHI,02F Meta,2.4545,0.5217,0.0951,47
RHT,T+1,0.6655,0.5435,0.0242,47
RHT,T+15,0.0225,0.4565,-0.0041,47
RHT,02F Meta,0.6655,0.5435,0.0242,47
RJF,T+1,-1.3536,0.3696,-0.0434,47
RJF,T+15,-0.391,0.5,-0.0143,47
RJF,02F Meta,-1.3536,0.3696,-0.0434,47
RL,T+1,-0.2168,0.5435,-0.0166,47
RL,T+15,0.1938,0.5435,0.0031,47
RL,02F Meta,-0.2168,0.5435,-0.0166,47
RMD,T+1,-5.002,0.3696,-0.1056,47
RMD,T+15,2.604,0.5435,0.0593,47
RMD,02F Meta,-5.002,0.3696,-0.1056,47
ROK,T+1,0.5098,0.5435,0.0148,47
ROK,T+15,3.3792,0.587,0.1181,47
ROK,02F Meta,0.5098,0.5435,0.0148,47
ROP,T+1,0.2857,0.4783,0.006,47
ROP,T+15,1.9435,0.5652,0.0547,47
ROP,02F Meta,0.2857,0.4783,0.006,47
ROST,T+1,-2.2434,0.4565,-0.1297,47
ROST,T+15,0.8007,0.4783,0.0381,47
ROST,02F Meta,-2.2434,0.4565,-0.1297,47
RRC,T+1,1.2,0.4783,0.0827,47
RRC,T+15,0.2012,0.5,-0.0013,47
RRC,02F Meta,1.2,0.4783,0.0827,47
RSG,T+1,-0.7596,0.5,-0.0203,47
RSG,T+15,-0.5325,0.5,-0.0145,47
RSG,02F Meta,-0.7596,0.5,-0.0203,47
RTN,T+1,-1.6709,0.4348,-0.0435,47
RTN,T+15,2.8537,0.6304,0.0709,47
RTN,02F Meta,-1.6709,0.4348,-0.0435,47
SBAC,T+1,-1.1094,0.4783,-0.0426,47
SBAC,T+15,-0.179,0.5217,-0.0101,47
SBAC,02F Meta,-1.1094,0.4783,-0.0426,47
SBUX,T+1,-1.0171,0.5217,-0.0279,47
SBUX,T+15,1.2944,0.5652,0.0319,47
SBUX,02F Meta,-1.0171,0.5217,-0.0279,47
SCG,T+1,-2.4656,0.3913,-0.2958,47
SCG,T+15,-2.7333,0.587,-0.3186,47
SCG,02F Meta,-2.4656,0.3913,-0.2958,47
SCHW,T+1,4.8061,0.5652,0.1884,47
SCHW,T+15,-2.3464,0.4783,-0.0881,47
SCHW,02F Meta,4.8061,0.5652,0.1884,47
SEE,T+1,1.0769,0.5435,0.0262,47
SEE,T+15,0.4714,0.6087,0.0104,47
SEE,02F Meta,1.0769,0.5435,0.0262,47
SHW,T+1,0.822,0.4783,0.0233,47
SHW,T+15,3.7499,0.5652,0.1158,47
SHW,02F Meta,0.822,0.4783,0.0233,47
SIG,T+1,-3.6589,0.4565,-0.4595,47
SIG,T+15,-1.4765,0.4783,-0.2568,47
SIG,02F Meta,-3.6589,0.4565,-0.4595,47
SJM,T+1,2.0158,0.5,0.1052,47
SJM,T+15,-1.8454,0.4783,-0.1012,47
SJM,02F Meta,2.0158,0.5,0.1052,47
SLB,T+1,3.1096,0.5652,0.1453,47
SLB,T+15,-6.7989,0.2609,-0.257,47
SLB,02F Meta,3.1096,0.5652,0.1453,47
SLG,T+1,-0.5576,0.4348,-0.0169,47
SLG,T+15,2.3866,0.5,0.0642,47
SLG,02F Meta,-0.5576,0.4348,-0.0169,47
SNA,T+1,1.7243,0.5435,0.0593,47
SNA,T+15,-6.5491,0.3913,-0.2007,47
SNA,02F Meta,1.7243,0.5435,0.0593,47
SNI,T+1,-1.2649,0.4783,-0.0323,47
SNI,T+15,2.2282,0.5652,0.0528,47
SNI,02F Meta,-1.2649,0.4783,-0.0323,47
SNPS,T+1,0.5618,0.5,0.0171,47
SNPS,T+15,-1.1222,0.4783,-0.0438,47
SNPS,02F Meta,0.5618,0.5,0.0171,47
SO,T+1,2.4341,0.5,0.0654,47
SO,T+15,-3.6902,0.4565,-0.0947,47
SO,02F Meta,2.4341,0.5,0.0654,47
SPG,T+1,-2.0588,0.4783,-0.074,47
SPG,T+15,-1.5093,0.5435,-0.0562,47
SPG,02F Meta,-2.0588,0.4783,-0.074,47
SPGI,T+1,-1.0669,0.5652,-0.0276,47
SPGI,T+15,2.029,0.6087,0.0488,47
SPGI,02F Meta,-1.0669,0.5652,-0.0276,47
SRCL,T+1,2.631,0.5,0.1019,47
SRCL,T+15,-0.2625,0.5217,-0.0142,47
SRCL,02F Meta,2.631,0.5,0.1019,47
SRE,T+1,-0.1046,0.5435,-0.0072,47
SRE,T+15,-1.603,0.4348,-0.0588,47
SRE,02F Meta,-0.1046,0.5435,-0.0072,47
STI,T+1,2.1987,0.5217,0.0763,47
STI,T+15,-1.9847,0.4783,-0.0701,47
STI,02F Meta,2.1987,0.5217,0.0763,47
STT,T+1,2.9474,0.5,0.0828,47
STT,T+15,-3.6359,0.4348,-0.0957,47
STT,02F Meta,2.9474,0.5,0.0828,47
STX,T+1,3.5815,0.5217,0.2157,47
STX,T+15,3.9078,0.587,0.2352,47
STX,02F Meta,3.5815,0.5217,0.2157,47
STZ,T+1,-1.3529,0.5217,-0.0394,47
STZ,T+15,1.3942,0.5435,0.0373,47
STZ,02F Meta,-1.3529,0.5217,-0.0394,47
SWK,T+1,-2.6723,0.413,-0.0608,47
SWK,T+15,3.3722,0.6304,0.0754,47
SWK,02F Meta,-2.6723,0.413,-0.0608,47
SWKS,T+1,5.4483,0.6739,0.2356,47
SWKS,T+15,0.6919,0.5217,0.0246,47
SWKS,02F Meta,5.4483,0.6739,0.2356,47
SYF,T+1,-2.4949,0.413,-0.1043,47
SYF,T+15,-1.1668,0.587,-0.0528,47
SYF,02F Meta,-2.4949,0.413,-0.1043,47
SYK,T+1,-3.334,0.3261,-0.083,47
SYK,T+15,-1.3067,0.4783,-0.0344,47
SYK,02F Meta,-3.334,0.3261,-0.083,47
SYMC,T+1,-1.718,0.4783,-0.0783,47
SYMC,T+15,-1.768,0.413,-0.0801,47
SYMC,02F Meta,-1.718,0.4783,-0.0783,47
SYY,T+1,2.0256,0.413,0.0616,47
SYY,T+15,3.2966,0.587,0.101,47
SYY,02F Meta,2.0256,0.413,0.0616,47
T,T+1,0.682,0.4783,0.0221,47
T,T+15,2.8052,0.5435,0.1046,47
T,02F Meta,0.682,0.4783,0.0221,47
TAP,T+1,-1.8576,0.3913,-0.0517,47
TAP,T+15,-0.2178,0.5217,-0.0082,47
TAP,02F Meta,-1.8576,0.3913,-0.0517,47
TDG,T+1,-0.233,0.5,-0.0161,47
TDG,T+15,4.2207,0.6087,0.1948,47
TDG,02F Meta,-0.233,0.5,-0.0161,47
TEL,T+1,2.1459,0.6087,0.0538,47
TEL,T+15,2.1235,0.5652,0.0533,47
TEL,02F Meta,2.1459,0.6087,0.0538,47
TGT,T+1,0.6322,0.5217,0.0349,47
TGT,T+15,0.2509,0.4348,0.0027,47
TGT,02F Meta,0.6322,0.5217,0.0349,47
TIF,T+1,-0.4541,0.4565,-0.0205,47
TIF,T+15,-0.8941,0.5,-0.0363,47
TIF,02F Meta,-0.4541,0.4565,-0.0205,47
TJX,T+1,-2.6357,0.3261,-0.1064,47
TJX,T+15,0.4469,0.5652,0.014,47
TJX,02F Meta,-2.6357,0.3261,-0.1064,47
TMK,T+1,1.7304,0.5435,0.0315,47
TMK,T+15,-3.6372,0.4348,-0.0637,47
TMK,02F Meta,1.7304,0.5435,0.0315,47
TMO,T+1,0.7712,0.5217,0.0263,47
TMO,T+15,1.2683,0.5217,0.0459,47
TMO,02F Meta,0.7712,0.5217,0.0263,47
TPR,T+1,-1.2376,0.4565,-0.0412,47
TPR,T+15,0.2954,0.6304,0.0067,47
TPR,02F Meta,-1.2376,0.4565,-0.0412,47
TRIP,T+1,-5.1571,0.4348,-0.2234,47
TRIP,T+15,2.2695,0.5652,0.1108,47
TRIP,02F Meta,-5.1571,0.4348,-0.2234,47
TROW,T+1,5.5524,0.6739,0.1684,47
TROW,T+15,0.766,0.5435,0.0208,47
TROW,02F Meta,5.5524,0.6739,0.1684,47
TRV,T+1,-1.8708,0.5652,-0.0492,47
TRV,T+15,-0.714,0.5217,-0.0202,47
TRV,02F Meta,-1.8708,0.5652,-0.0492,47
TSCO,T+1,-0.47,0.4565,-0.0276,47
TSCO,T+15,-7.1128,0.3696,-0.2682,47
TSCO,02F Meta,-0.47,0.4565,-0.0276,47
TSN,T+1,1.6274,0.5435,0.0452,47
TSN,T+15,-2.1824,0.3913,-0.0626,47
TSN,02F Meta,1.6274,0.5435,0.0452,47
TSS,T+1,3.0705,0.6304,0.0883,47
TSS,T+15,0.155,0.5217,0.0022,47
TSS,02F Meta,3.0705,0.6304,0.0883,47
TWX,T+1,-2.4024,0.4565,-0.0774,47
TWX,T+15,-2.4186,0.4783,-0.0781,47
TWX,02F Meta,-2.4024,0.4565,-0.0774,47
TXN,T+1,4.7383,0.6739,0.1806,47
TXN,T+15,-5.7775,0.3696,-0.1873,47
TXN,02F Meta,4.7383,0.6739,0.1806,47
TXT,T+1,-0.3157,0.4565,-0.0117,47
TXT,T+15,-2.6513,0.4783,-0.077,47
TXT,02F Meta,-0.3157,0.4565,-0.0117,47
UA,T+1,-0.8234,0.413,-0.1037,47
UA,T+15,-0.8982,0.5217,-0.1101,47
UA,02F Meta,-0.8234,0.413,-0.1037,47
UAA,T+1,-2.0602,0.413,-0.1929,47
UAA,T+15,-1.2253,0.4565,-0.1282,47
UAA,02F Meta,-2.0602,0.413,-0.1929,47
UAL,T+1,-0.9824,0.4565,-0.0552,47
UAL,T+15,-1.886,0.4783,-0.0969,47
UAL,02F Meta,-0.9824,0.4565,-0.0552,47
UDR,T+1,-1.654,0.4348,-0.0437,47
UDR,T+15,1.1665,0.5652,0.0288,47
UDR,02F Meta,-1.654,0.4348,-0.0437,47
UHS,T+1,0.4186,0.4348,0.0134,47
UHS,T+15,-1.2802,0.413,-0.0597,47
UHS,02F Meta,0.4186,0.4348,0.0134,47
ULTA,T+1,-2.4702,0.413,-0.1552,47
ULTA,T+15,5.3595,0.6087,0.3679,47
ULTA,02F Meta,-2.4702,0.413,-0.1552,47
UNH,T+1,0.7368,0.5652,0.0217,47
UNH,T+15,1.0568,0.587,0.0324,47
UNH,02F Meta,0.7368,0.5652,0.0217,47
UNM,T+1,3.0782,0.5652,0.1067,47
UNM,T+15,-0.9372,0.4783,-0.035,47
UNM,02F Meta,3.0782,0.5652,0.1067,47
UNP,T+1,1.2595,0.5435,0.0432,47
UNP,T+15,-2.2723,0.3696,-0.0814,47
UNP,02F Meta,1.2595,0.5435,0.0432,47
UPS,T+1,3.2199,0.5652,0.1258,47
UPS,T+15,-4.7206,0.3913,-0.164,47
UPS,02F Meta,3.2199,0.5652,0.1258,47
URI,T+1,2.6312,0.5652,0.1068,47
URI,T+15,6.7309,0.6522,0.2761,47
URI,02F Meta,2.6312,0.5652,0.1068,47
USB,T+1,0.3878,0.4783,0.0086,47
USB,T+15,-2.1628,0.5,-0.0575,47
USB,02F Meta,0.3878,0.4783,0.0086,47
UTX,T+1,5.0867,0.7174,0.1305,47
UTX,T+15,-4.6407,0.3261,-0.1108,47
UTX,02F Meta,5.0867,0.7174,0.1305,47
V,T+1,1.2985,0.5,0.0397,47
V,T+15,-2.4349,0.413,-0.0775,47
V,02F Meta,1.2985,0.5,0.0397,47
VAR,T+1,-2.5266,0.5,-0.0743,47
VAR,T+15,-2.7515,0.3696,-0.0801,47
VAR,02F Meta,-2.5266,0.5,-0.0743,47
VFC,T+1,2.9919,0.5652,0.0907,47
VFC,T+15,5.5402,0.6087,0.1695,47
VFC,02F Meta,2.9919,0.5652,0.0907,47
VIAB,T+1,-1.0689,0.5,-0.1096,47
VIAB,T+15,-5.1941,0.3913,-0.3689,47
VIAB,02F Meta,-1.0689,0.5,-0.1096,47
VLO,T+1,5.0863,0.6304,0.1665,47
VLO,T+15,2.7243,0.5435,0.0879,47
VLO,02F Meta,5.0863,0.6304,0.1665,47
VMC,T+1,-0.4075,0.5,-0.0259,47
VMC,T+15,3.9467,0.5652,0.1939,47
VMC,02F Meta,-0.4075,0.5,-0.0259,47
VNO,T+1,0.0086,0.4348,-0.0017,47
VNO,T+15,0.3202,0.3913,0.0067,47
VNO,02F Meta,0.0086,0.4348,-0.0017,47
VRSK,T+1,-0.5829,0.4565,-0.0133,47
VRSK,T+15,-3.9735,0.3696,-0.0791,47
VRSK,02F Meta,-0.5829,0.4565,-0.0133,47
VRSN,T+1,-2.9983,0.3913,-0.0965,47
VRSN,T+15,0.2839,0.5217,0.0065,47
VRSN,02F Meta,-2.9983,0.3913,-0.0965,47
VRTX,T+1,3.9553,0.587,0.1495,47
VRTX,T+15,0.0071,0.5652,-0.0035,47
VRTX,02F Meta,3.9553,0.587,0.1495,47
VTR,T+1,1.4328,0.5217,0.0461,47
VTR,T+15,-3.673,0.3913,-0.117,47
VTR,02F Meta,1.4328,0.5217,0.0461,47
VZ,T+1,3.9785,0.6087,0.1328,47
VZ,T+15,3.8507,0.5652,0.1289,47
VZ,02F Meta,3.9785,0.6087,0.1328,47
WAT,T+1,-0.9742,0.4565,-0.0285,47
WAT,T+15,2.7627,0.6304,0.0763,47
WAT,02F Meta,-0.9742,0.4565,-0.0285,47
WBA,T+1,-3.1307,0.5,-0.1373,47
WBA,T+15,0.9048,0.587,0.0365,47
WBA,02F Meta,-3.1307,0.5,-0.1373,47
WDC,T+1,-0.9791,0.4565,-0.0664,47
WDC,T+15,1.3451,0.5217,0.0741,47
WDC,02F Meta,-0.9791,0.4565,-0.0664,47
WEC,T+1,-6.1475,0.3913,-0.1275,47
WEC,T+15,1.5057,0.4348,0.0334,47
WEC,02F Meta,-6.1475,0.3913,-0.1275,47
WFC,T+1,2.2081,0.4565,0.0754,47
WFC,T+15,-1.5142,0.4565,-0.0537,47
WFC,02F Meta,2.2081,0.4565,0.0754,47
WHR,T+1,-2.8513,0.3913,-0.0899,47
WHR,T+15,0.0855,0.5435,-0.0001,47
WHR,02F Meta,-2.8513,0.3913,-0.0899,47
WLTW,T+1,0.3444,0.6304,0.0073,47
WLTW,T+15,3.3358,0.6304,0.0885,47
WLTW,02F Meta,0.3444,0.6304,0.0073,47
WM,T+1,0.9903,0.4565,0.019,47
WM,T+15,-3.1926,0.4783,-0.0613,47
WM,02F Meta,0.9903,0.4565,0.019,47
WMB,T+1,4.6467,0.5435,0.1554,47
WMB,T+15,-2.9717,0.413,-0.0941,47
WMB,02F Meta,4.6467,0.5435,0.1554,47
WMT,T+1,0.9848,0.4783,0.0452,47
WMT,T+15,-3.7083,0.3696,-0.1775,47
WMT,02F Meta,0.9848,0.4783,0.0452,47
WRK,T+1,0.6363,0.4783,0.018,47
WRK,T+15,0.5115,0.5435,0.0139,47
WRK,02F Meta,0.6363,0.4783,0.018,47
WU,T+1,1.8162,0.5652,0.0749,47
WU,T+15,0.5104,0.4783,0.0171,47
WU,02F Meta,1.8162,0.5652,0.0749,47
WY,T+1,1.3391,0.4783,0.0261,47
WY,T+15,-0.2132,0.5217,-0.0054,47
WY,02F Meta,1.3391,0.4783,0.0261,47
WYN,T+1,-5.3432,0.3913,-0.1562,47
WYN,T+15,2.1594,0.5435,0.0696,47
WYN,02F Meta,-5.3432,0.3913,-0.1562,47
WYNN,T+1,1.1215,0.5,0.0368,47
WYNN,T+15,-2.8743,0.4783,-0.0996,47
WYNN,02F Meta,1.1215,0.5,0.0368,47
XEC,T+1,4.309,0.5217,0.195,47
XEC,T+15,-0.3329,0.5217,-0.0196,47
XEC,02F Meta,4.309,0.5217,0.195,47
XEL,T+1,2.3071,0.5435,0.0563,47
XEL,T+15,0.888,0.4783,0.0203,47
XEL,02F Meta,2.3071,0.5435,0.0563,47
XL,T+1,-1.0796,0.4783,-0.0474,47
XL,T+15,-1.5053,0.3913,-0.0633,47
XL,02F Meta,-1.0796,0.4783,-0.0474,47
XLNX,T+1,0.3156,0.5,0.0089,47
XLNX,T+15,3.691,0.6739,0.171,47
XLNX,02F Meta,0.3156,0.5,0.0089,47
XOM,T+1,-1.1571,0.4783,-0.0254,47
XOM,T+15,-5.5875,0.3478,-0.1058,47
XOM,02F Meta,-1.1571,0.4783,-0.0254,47
XRAY,T+1,-2.8845,0.5652,-0.121,47
XRAY,T+15,-0.9514,0.5,-0.0454,47
XRAY,02F Meta,-2.8845,0.5652,-0.121,47
XRX,T+1,1.0706,0.4348,0.0374,47
XRX,T+15,-1.8258,0.4565,-0.0702,47
XRX,02F Meta,1.0706,0.4348,0.0374,47
XYL,T+1,0.2326,0.4348,0.0037,47
XYL,T+15,0.236,0.5217,0.0037,47
XYL,02F Meta,0.2326,0.4348,0.0037,47
YUM,T+1,-3.1706,0.3913,-0.067,47
YUM,T+15,-1.2283,0.5435,-0.0269,47
YUM,02F Meta,-3.1706,0.3913,-0.067,47
ZBH,T+1,1.0757,0.5217,0.0381,47
ZBH,T+15,1.1319,0.4783,0.0404,47
ZBH,02F Meta,1.0757,0.5217,0.0381,47
ZION,T+1,0.6917,0.4348,0.025,47
ZION,T+15,-0.2883,0.4783,-0.017,47
ZION,02F Meta,0.6917,0.4348,0.025,47
ZTS,T+1,0.4848,0.4565,0.0094,47
ZTS,T+15,-2.4598,0.413,-0.0531,47
ZTS,02F Meta,0.4848,0.4565,0.0094,47
