Name,cluster,volatility,avg_return,avg_volume,volume_volatility,momentum,price_range,trend_strength,price_level,volume_to_price_ratio
LKQ,0,0.0135069338806563,-0.0019029767919752,1477114.15,0.3095336949644507,-0.0390569183138842,0.023543990086741,0.2947368421052634,0.4035,31953.85377942999
ALLE,0,0.0157344676218563,-0.0017032379956569,714053.1,0.2976420915098235,-0.0358133365488968,0.0182591295647824,0.1506849315068477,0.7996,7233.716858429215
PHM,0,0.0201627379209914,-0.0071341195070972,5669609.65,0.489948461695133,-0.1367965367965367,0.0374456703443664,0.0089285714285728,0.2991,187176.7301905717
AES,-1,0.0272179575015095,-0.0009696945790757,12662141.65,0.4759363329780369,-0.0260223048327136,0.0300572519083969,0.0476190476190495,0.1048,838382.7290076335
WEC,0,0.0109035065897632,-0.0039847424384436,2056517.0,0.3102181878472926,-0.0778000308118933,0.0195456064149682,0.0341880341880334,0.5986,31818.910791847644
MSI,0,0.0161613003761122,0.0055390338752254,1449456.45,0.6974873947690942,0.1140903169778548,0.0177336061580433,0.1593406593406555,1.0263,20424.72961122479
UDR,0,0.0133640014941917,-0.0043464323343998,1706439.5,0.2511075187730366,-0.0850027070925825,0.0310650887573965,0.0,0.3379999999999999,74861.56804733728
ADS,0,0.0240023735930033,-0.0038358654886041,734501.3,0.4655353018888349,-0.0791536050156739,0.0391084093211751,0.6911917098445599,2.4675,3359.404255319149
AMP,0,0.0209865775800682,-0.0039633386608257,1278906.1,0.2697275691880703,-0.0802504595588235,0.0333520704515645,0.2078651685393282,1.6011000000000002,8202.011117356817
ROST,0,0.0170565945483063,-0.001449663281232,2395146.25,0.2765891014859601,-0.0313004595702398,0.027439415309655,0.3691588785046691,0.7798999999999999,28454.41723297859
NOV,0,0.0246050869081426,-0.0054961241865322,3372655.3,0.3447853654868584,-0.1095711297071131,0.0637298091042585,0.0552995391705056,0.3404999999999999,147932.74596182085
FTV,0,0.0140492565774663,-0.0013403863725417,1576629.6,0.3153930593406749,-0.0283274600162646,0.0191100571906819,0.0072992700729861,0.7169,35336.58808759939
IP,0,0.015223877767469,-0.0017423195169071,2862834.35,0.4252845636594307,-0.0364286875914783,0.0247645569620253,0.0802835139371651,0.5925,65340.03375527426
XLNX,0,0.0232667237273942,-0.0052798461741236,2977876.6,0.472574072097744,-0.1051576696953501,0.0307600418097656,0.0048543689320413,0.6697,29636.74779752128
CVS,0,0.0176617163604027,-0.0020442979019989,8862520.9,0.2971650459869838,-0.0429913759814648,0.0267652992602556,0.3919597989949736,0.7434999999999999,129267.86819098858
COF,0,0.0150212220266637,-0.0016763969529269,2607375.05,0.2410314268377296,-0.0351066968236797,0.0177333876885445,0.1321839080459796,0.9812,25288.259274357926
PDCO,0,0.0182791621924671,-0.0047472692183781,1248851.75,0.2731248597101408,-0.0937081659973226,0.0262924667651403,0.022471910112363,0.3385,34360.059084194974
SCHW,0,0.0178164323579951,-0.0010913205199596,8290771.2,0.2443980494056312,-0.0245594300712411,0.0265231597155487,0.2826086956521738,0.5203,195698.6930616952
IQV,0,0.0164352608074131,-3.833219655188791e-05,1118862.65,0.3269169297466079,-0.0033488938502132,0.0212809286223399,0.0239234449760751,0.9821,9214.855920985645
FLR,0,0.0186365262690404,0.0030844718952586,1760883.95,0.3340479963698464,0.0600260174688718,0.0171809256661991,0.163265306122446,0.5704,25693.21528751753
FIS,0,0.0118590735000605,0.0004462121001441,1794002.05,0.6158006191195677,0.0076009995835067,0.0282112224863076,0.4725274725274714,0.9677,32032.61341324791
JEC,0,0.0202303903969871,-0.0010722568836185,1119626.8,0.4645433404483992,-0.0251070742874019,0.0633237388274502,0.7392344497607677,0.6601,31435.81275564308
JPM,0,0.0157794812878852,0.0018429352091461,17098067.05,0.3402906235314583,0.0350298028427327,0.0292726145122707,0.5217917675544802,1.1287,193836.48445113847
BWA,0,0.0201708905710986,-0.0004745338365438,1474572.25,0.3721538080756162,-0.0132759239325439,0.0492727272727272,0.7121771217712174,0.55,43956.43636363636
EXPD,0,0.0110926495781389,-0.0029955447058654,1064654.9,0.3736283992237815,-0.059348978046934,0.0247867374859166,0.4870129870129873,0.6213000000000001,26096.99018187671
DGX,0,0.011804602015965,-0.0002109696365406,1073444.25,0.4293139821661112,-0.0055368795728693,0.0190892821634519,0.0312500000000011,1.0058,14237.293696559953
RTN,0,0.0159396891472595,0.0027937621343992,1918264.85,0.3426799554380276,0.0548270521424884,0.0362176977290525,0.4283783783783763,2.0432,11081.098277212215
TAP,0,0.014416451523153,-0.0045672363660348,1312118.15,0.3774364231707057,-0.0893220136314719,0.0317752100840334,0.1528925619834678,0.7615999999999999,33154.80567226891
ABBV,-1,0.0387594953602431,0.0069664721612159,8369210.85,0.5161065500290483,0.1334796488427774,0.0481429325822918,0.4095063985374789,1.1362,88284.07850730505
AVGO,0,0.0228287354261065,-0.0058944308015221,4540217.2,0.4079909958438479,-0.1159031657355679,0.0256971943718931,0.0622950819672124,2.3738,17050.661386805965
NWSA,0,0.0144908268506937,-0.0023866396686943,2400411.6,0.5048323275720205,-0.0485781990521327,0.023972602739726,0.2337662337662289,0.1606,167998.13200498134
CSRA,0,0.0182750492832694,0.0010946006087643,894183.15,0.3407314513511576,0.018849528761781,0.03859649122807,0.8264462809917373,0.3135,51874.098883572566
SEE,0,0.010260001960947,-0.0048804399464886,2555835.05,0.3613986862104823,-0.0941392689401674,0.0279508566275923,0.3226066618275659,0.4436,88263.54824165915
NDAQ,0,0.0113752527214314,-0.0017783412701425,1192735.35,0.5318442434103018,-0.0361731320942996,0.018247702860101,0.0212765957446814,0.7726999999999999,18818.98537595445
VAR,-1,0.0320831963058682,0.0022002451212249,1094308.9,0.8193993154256213,0.0353316213583635,0.0184741703729046,0.083333333333336,1.1692,7906.67978104687
XRAY,-1,0.0181275815601676,-0.0056096060442209,2872396.95,0.60853046222383,-0.1092436974789916,0.083533447684391,0.8254620123203281,0.583,39177.581475128645
NEM,0,0.0174243928833854,-0.0012916171912174,5421140.6,0.3567614114914779,-0.0283390186302807,0.0264650283553874,0.1530612244897949,0.3703,242074.8582230624
SBAC,0,0.0156723438913119,0.0010138020804716,1135377.85,0.3783294326127878,0.0180984408437785,0.0207194763077291,0.3942028985507216,1.6650999999999998,6459.059515944989
MDT,0,0.0105578021339857,-0.0026522747424665,5425631.5,0.3021580911515133,-0.0527480204937121,0.0205285802089734,0.0359281437125679,0.8134999999999999,72894.27166564229
AWK,0,0.0148350097391847,-0.005198425973658,1470968.0,0.5512658957926232,-0.1009110829200784,0.0228322216521293,0.0,0.7796,16273.435094920473
CMG,-1,0.0296671197319399,-0.0075186335575861,1265674.2,0.7356576325273766,-0.1476657168801078,0.0428345762462803,0.3576329331046287,2.7221,17562.2203445869
SBUX,0,0.013721963833751,-0.0040565502589523,14100565.5,0.6836993650509114,-0.0797566745522135,0.0181784796180683,0.0202020202020233,0.5446,255729.3793609989
MRO,-1,0.0279644622314084,-0.0046203917051638,11839212.5,0.2846574348737893,-0.0952908587257619,0.0811390079608083,0.0075471698113192,0.1632999999999999,1067694.4274341704
RRC,-1,0.0353978691452731,-0.0124388314905098,11349364.8,0.5351889112838454,-0.2309495896834701,0.0716463414634146,0.0212765957446804,0.1311999999999999,818609.5274390244
DLTR,0,0.0179805487494534,-0.0015170735200016,1906786.9,0.1998980655910523,-0.0329109308049958,0.0254515460030165,0.0074076817659898,1.0608,20028.87443438914
LH,0,0.0143403956967088,-0.0001605083613038,631804.6,0.3901303563113033,-0.0051600797466869,0.0369267947660026,0.1739824421388668,1.6966,5251.497111870801
EW,0,0.0150814286408452,0.0042078490236396,1379166.3,0.5135128716316862,0.0852648313948622,0.0441788743253662,0.6369982547993,1.297,15085.597532767928
HOG,0,0.030105482871579,-0.0033173386166029,3551464.15,0.6594422919019268,-0.0725081308590014,0.0212458745874586,0.4466019417475693,0.4847999999999999,46686.44801980198
AVB,0,0.0138861463882629,-0.0043641604718393,853615.9,0.5282111715142085,-0.0854567516033974,0.027230224917867,0.0162412993039427,1.5828,7290.068233510235
JNPR,0,0.0230398058189797,-0.0057268891564717,4621143.65,0.6272993770789997,-0.1131680055885434,0.0185112248916895,0.2765957446808496,0.2539,125878.49547065774
TDG,0,0.0152974278920194,0.0018000309938927,452653.1,0.4348952317098291,0.0343118161538189,0.041834988017802,0.2847790507364997,2.9210000000000003,1919.821978774392
PH,0,0.0164175353605312,-0.0060055565410851,1295472.6,0.5315806517139059,-0.1158113061933242,0.0281490371501828,0.0271317829457391,1.8331,8218.85876384267
FITB,0,0.0144491368907957,0.0018162861457742,5190505.95,0.2943827448668012,0.0348800000000001,0.0296846011131725,0.5312500000000049,0.3234,171487.2912801484
GM,0,0.021417809879682,-0.0017030471424231,14920820.15,0.3339627432651555,-0.0376844494892167,0.0450577966501534,0.3874345549738223,0.4239,457722.7176220807
IRM,0,0.017976486643161,-0.0050496549260837,2148280.8,0.3342435246049512,-0.0991039913114308,0.0367691380349607,0.3852459016393437,0.3318,77356.75105485233
FRT,0,0.0107234165459379,-0.0058892260868313,588405.1,0.4790367320677883,-0.1124043367346938,0.0264954194359619,0.0305084745762723,1.1134,5745.464343452488
HUM,0,0.0142510429562361,0.0004422430347769,1201978.55,0.2358450722832791,0.0069180477421316,0.0316723291808229,0.5840286054827157,2.649,6366.704416761042
AAL,0,0.0277939990015117,-0.0002878343130301,6324036.8,0.5158275155622079,-0.0130568356374807,0.0212062256809337,0.4678899082568805,0.514,94276.86770428016
SCG,0,0.0260928893474576,-0.0096476648558214,2878133.3,0.3446636520212559,-0.1816964285714286,0.0774686306601201,0.2570422535211253,0.3666,70119.83087834153
MCD,0,0.0118005474286103,-0.002238774228381,4460698.85,0.4474131931209095,-0.0451192808574391,0.0225695492124795,0.3181818181818192,1.6571,30016.46852935852
COG,0,0.0223079210864914,-0.0106987502826967,5411474.55,0.3494760053356058,-0.1974587912087912,0.0560547710740264,0.0152671755725187,0.2337,342644.1163885323
WMT,0,0.0146644275263879,0.0013144268282612,8807501.85,0.2954607759600755,0.0245044327124214,0.0445308701993193,0.6200873362445394,1.0285,108558.31793874576
NEE,0,0.0140516328875988,-0.0011560167721306,2463141.05,0.293496951155161,-0.0246970495258166,0.0188398946586536,0.0716845878136256,1.4809,19439.023566749947
YUM,0,0.0121292639998435,-0.0015428303676764,1842897.75,0.422620233735737,-0.0317786370227164,0.0242106576812679,0.0670103092783482,0.8012999999999999,44441.13315861725
HRS,0,0.0215578019559675,0.0026252961893699,822517.75,0.4096394237972393,0.0492377420683971,0.0426075004908697,0.8325652841781866,1.5278999999999998,7628.444269912953
HES,0,0.0266107202422694,-0.0082876238738653,4733912.8,0.386210329576245,-0.1591688905833015,0.064384493312174,0.0422535211267597,0.4411,103485.9669009295
GOOG,-1,0.0193755731278456,-0.0024917968689433,1936121.25,0.5200988891778718,-0.0521396416755555,0.031967041141353,0.009546539379473,10.4858,2259.467088824887
DFS,0,0.0166562146817235,-0.0009049447473247,2395628.35,0.2829671138145836,-0.0205777096114519,0.0247944669189611,0.5052631578947359,0.7663,24206.53790943495
PXD,0,0.0187363966767097,-0.0003255128915609,1860238.45,0.3417022974926499,-0.0098342230963753,0.0511918274687853,0.0609756097560957,1.7619999999999998,20633.541430192963
CERN,0,0.015126217687848,-0.0059592139864474,2786881.0,0.4408073749884458,-0.1146443514644352,0.0478890989287963,0.6414473684210529,0.6347999999999999,99013.67359798362
K,0,0.0157982062660968,-0.0033119524734658,3442325.45,0.2963102836427653,-0.0664437336435011,0.0395577012926336,0.0196850393700775,0.6420999999999999,75864.5538078181
AET,0,0.01036544347623,-0.0005261522492518,2844059.9,0.3811230031320863,-0.0114923747276687,0.0150421510827043,0.0366300366300447,1.8149,11702.352746707807
MDLZ,0,0.0135026566054687,0.0013052579349367,9404277.25,0.3906675733050904,0.0246568969527796,0.0211123723041997,0.2150537634408557,0.4404999999999999,188925.72077185017
EBAY,-1,0.0376199613564271,0.0040660096102327,13245414.75,0.4582204449499815,0.0708322792815582,0.0210252775809118,0.1123595505617992,0.4233,268821.5922513584
UAA,0,0.0286831152750754,-0.0061072446030687,6408307.2,0.4479354100908828,-0.1224354731965585,0.0422322775263952,0.2500000000000008,0.1326,468293.81598793366
AMT,0,0.0143490171466453,-0.0002755345877716,2870583.4,0.2082536704167051,-0.0074441687344913,0.0220714285714285,0.245954692556631,1.4,16041.85
HAL,0,0.023588185566179,-0.0021123812815687,10438966.05,0.243109843337554,-0.0464402226060257,0.0349164821895753,0.0086455331412107,0.4968999999999999,173708.04990943853
SYMC,0,0.0162595051890381,-0.0042381661365218,8676445.1,0.3850947628812413,-0.0837642192347467,0.0323551542513167,0.0348837209302297,0.2658,207672.79909706544
EXPE,0,0.014049327939711,0.0008931498726766,2097567.35,0.356982284720527,0.0161062225015714,0.04570478620583,0.4736931145322298,1.2933,24417.753034872032
NFLX,-1,0.0328051113331312,0.0122814817361779,12315820.45,0.4033297473071882,0.2639625435956237,0.0307113698215905,0.0289230769230786,2.6456,33949.002116722106
DE,0,0.0162332348834048,-0.001144802882681,2187096.65,0.4478838694452356,-0.0251207729468598,0.020131318136769,0.1630769230769234,1.6144,14734.972745292367
MCHP,-1,0.0309327888439388,-0.0049943201227701,3011322.65,0.8966469453801292,-0.1037725651280943,0.0746592690869617,0.0161550888529877,0.8291,164336.931612592
EFX,0,0.0118090901345198,-0.0018704374824792,1152841.55,0.2255488897880475,-0.0380368098159509,0.0278061224489796,0.0672782874617731,1.176,9577.534013605442
EXC,0,0.0110912410277171,-0.0026433330779446,7015477.4,0.2955207750680793,-0.0526729559748427,0.0442600276625171,0.0374999999999971,0.3615,236608.02213001385
OKE,0,0.0172196248602567,0.0002214125701922,3353442.6,0.434084754914636,0.0015932023366966,0.0215623895369388,0.2131147540983592,0.5658,44103.41109932838
CRM,0,0.0123562499099732,0.000483445330553,4274728.55,0.2764989109980281,0.0082455336692624,0.0316219900045434,0.3563218390804579,1.1005,41030.16810540664
LEN,0,0.0244230711550612,-0.0042234942874415,5211841.5,0.3727210043734021,-0.0863956802159892,0.0494992612050566,0.1741293532338303,0.6091,138143.8680019701
BXP,0,0.0162009420954838,-0.0040471574782766,953167.35,0.3978690163982927,-0.0802232854864433,0.0173833882434542,0.1895261845386572,1.1534,8045.534940176868
FTI,0,0.0243432595547831,-0.0027355191374503,3940399.7,0.3622337343923045,-0.0586781964175417,0.056758530183727,0.0404624277456648,0.3048,225195.73490813648
GPC,0,0.0122771567300559,0.0002329942305216,906403.6,0.4012406017151326,0.0032339565437088,0.0267956079379469,0.0375939849624039,0.9927,10332.990833081496
BMY,0,0.0188448790929198,0.0007974942667062,9209739.65,0.5123274137082284,0.0126111560226354,0.0394379690244292,0.94331983805668,0.6263000000000001,194421.09212837295
HCN,0,0.0154345502752966,-0.003967645952859,2987541.2,0.2380323549621532,-0.0785400032589213,0.0295313881520778,0.0718562874251481,0.5655,57289.37223695845
WYNN,-1,0.0468366167949628,0.005153382801546,7320877.2,0.9767611053013288,0.085189718482252,0.0403225806451613,0.6111888111888113,1.7732,88652.85923753666
ECL,0,0.0115508916597887,-0.001247214068255,1510861.85,0.3425020165967845,-0.0259037026196399,0.0337289663461539,0.4855233853006687,1.3312,15416.61658653846
ATVI,0,0.0220109786627342,0.0026450407030836,6554183.2,0.2883261354389356,0.0494032331167849,0.0205873884249926,0.0209790209790119,0.6945999999999999,90054.86610999137
MCO,0,0.0200163862115563,0.000783789261728,776660.95,0.4618068995995995,0.0119139123750959,0.0305101911634383,0.3215767634854741,1.5798,6545.38549183441
EIX,0,0.0074005594824979,-0.003078557748378,3909249.4,0.4308703960353172,-0.0602959697732998,0.0237895794940526,0.0985915492957749,0.5969,51557.413302060646
MA,0,0.0137883273170308,0.002907423259524,4101226.3,0.4246379567870731,0.0578683385579936,0.0305814022402656,0.248062015503875,1.6872999999999998,25868.5058969952
HSY,0,0.0172388632410133,-0.0067686049426956,1329052.75,0.5278207837573468,-0.1295482510107224,0.0232229402261712,0.0043478260869587,0.9904,16802.574717285945
CFG,0,0.017541954155614,0.0008783664731306,4984284.15,0.3538977705828745,0.0147092102285586,0.0376895628902764,0.6745562130177527,0.4484,145985.0802854594
PWR,0,0.0198031907460366,-0.0055325443367592,1529926.2,0.3661665890813443,-0.1084368530020703,0.0342525399129172,0.0254237288135602,0.3445,81502.93178519593
UA,0,0.0325177333005359,-0.0068866487242646,4899228.8,0.5401606797407449,-0.1382978723404254,0.039506172839506,0.2083333333333331,0.1215,310712.42798353906
AXP,0,0.0157275450574975,-0.003435146716343,4535406.1,0.4851274574607123,-0.068742538798249,0.015382971904711,0.1388888888888911,0.9361,40559.80130327957
DLR,0,0.0209953855392972,-0.0036742790155543,1680684.15,0.2303888889760921,-0.0748667850799288,0.0267581837381204,0.093276888857001,1.0417,12821.916098684842
SYF,0,0.0195320192642947,-0.0023360824614967,8643245.5,0.3388017805996026,-0.0491886409736307,0.0237333333333333,0.2247191011235985,0.375,214173.14666666667
CME,0,0.0136676187266055,0.002427217034432,1789599.1,0.5694939079440132,0.0478280809801481,0.0322015881948352,0.5980582524271862,1.5993000000000002,17042.205965109733
MSFT,1,0.018673087434071,0.0009479032814428,34701503.8,0.3725498958982335,0.0157560643844933,0.0286798348398615,0.1595330739299602,0.8961,458738.8907488004
AMZN,-1,0.0198765112409411,0.0063615699170278,6301222.75,0.4100390349492588,0.1309810808653308,0.0323550586541311,0.0355584642233831,14.1678,5055.648018746736
PCLN,-1,0.0124773132812849,0.0005379557660431,455884.35,0.2110871016521743,0.0093229471020592,0.0338294346357319,0.7222483906421749,18.8268,260.9211337030191
T,1,0.0181289326364789,-0.0005962530040711,35333803.05,0.3285061072944894,-0.0149373166177647,0.0192255618738153,0.2676056338028134,0.3693,964920.633631194
PCG,0,0.0107949220247468,-0.0062891789844952,6076597.05,0.415435130465072,-0.1195361284567352,0.025709219858156,0.1477832512315256,0.3948,144212.00607902737
ACN,0,0.0118892475930151,-0.0013014103588321,2135660.85,0.3568974520338721,-0.0270287219365358,0.0377699000966807,0.3549488054607521,1.5515,18811.853045439897
LEG,0,0.0169703790640223,-0.0021774552974552,1614859.15,0.5572288583231779,-0.0452554744525547,0.0395369156837047,0.3038674033149191,0.4578,59406.02883355177
EXR,0,0.0117517158594142,-0.0015780317311117,1252305.8,0.6785119363938262,-0.0323667428708939,0.0226311862720715,0.626373626373629,0.8042,13716.973389704051
KSU,0,0.0180571261291784,-0.0013910891174494,1650400.1,0.4675925071159938,-0.0305060197338644,0.0156395891690009,0.3044776119402936,1.071,12388.085901027078
MCK,0,0.0198037668216656,-0.002300749408648,1961244.7,0.2972658758842293,-0.048618027888446,0.0327160897729503,0.3080000000000041,1.5283000000000002,9718.059281554668
TEL,0,0.0119294076213233,0.0004664055870601,2265886.7,0.2914767155992576,0.0079943331309452,0.0319245055717296,0.3742138364779875,0.9961,20046.24033731553
PVH,0,0.0131590300480473,0.0028597555202838,687215.85,0.292783035948808,0.0570274865400964,0.0252664030560955,0.0477453580901873,1.4921,5258.595268413645
CAG,0,0.0116926648911092,-0.0019797602893089,3505541.65,0.2616196697274701,-0.0401176785236694,0.028141543605461,0.23762376237624,0.3589,107880.38450821956
JNJ,0,0.0183339405269143,-0.004445476714234,10104635.35,0.4332262422270216,-0.0882475371166921,0.0158271191599453,0.0336538461538426,1.3141999999999998,80280.10196317152
SYK,0,0.0146682478510125,-0.0021549104606385,1555781.35,0.3610004153910627,-0.0442219181490236,0.022711004099694,0.1146131805157534,1.5367,10463.408602850264
RSG,0,0.0124347371581933,-0.002471507304495,1302023.55,0.5616497687552656,-0.0497205060311857,0.0186532507739937,0.0954356846472987,0.6459999999999999,39102.02786377709
LB,0,0.0230856672891499,0.0020469310673932,3831635.6,0.3024821959642301,0.0365132967496833,0.0464263897373243,0.6622807017543848,0.4911,93403.40052942374
HSIC,0,0.0168185220952789,-0.0001925751710864,1707677.0,0.420386328895381,-0.0065350578624915,0.021789776620529,0.0377358490566051,0.7297,24181.25256954913
ALK,0,0.0270344284071141,-0.0048494074293736,3698644.25,0.557792193711014,-0.0990321223172955,0.0298925735637551,0.619791666666671,0.6423000000000001,31534.469873890703
VFC,0,0.0104883212260762,0.0028281500513648,2672290.45,0.2969240891342661,0.0570077499014843,0.0302597241207903,0.585215605749485,0.8047,44603.243444762025
NWS,0,0.0152888313497753,-0.0027166833977164,372325.3,0.4050769433292017,-0.0550724637681159,0.0245398773006136,0.3750000000000033,0.163,31888.0981595092
PKG,0,0.0142434425774346,-0.0042905103077615,922666.45,0.5096493155911331,-0.084206411258796,0.0237343123025698,0.0,1.1713,8548.979766071887
CSCO,1,0.0180144190003144,0.000968547032944,28271188.65,0.3481887962509185,0.016376921138826,0.0291522062469013,0.2636054421768722,0.4034,810382.6722855725
CMCSA,1,0.0184456344957107,-0.0004067527531018,27810881.3,0.3487191906468926,-0.0113272592957399,0.0260348692403488,0.7461972639433634,0.4014999999999999,823552.5031133251
VIAB,-1,0.0371381074755461,0.003116158190202,6034083.75,0.4465658473189094,0.0506198347107438,0.0399868895444116,0.0081967213114767,0.3051,225994.88692232053
ED,0,0.0099515187839092,-0.0042382707028001,2505933.5,0.237743329256356,-0.0823070357273503,0.0180706882806271,0.0073529411764743,0.7526,35119.1203826734
UAL,-1,0.0367939671509906,-0.0016644921462853,6941267.2,0.8138648089301763,-0.0455607476635514,0.0432726438188494,0.5692465438602695,0.6536,87130.82925336597
IBM,0,0.0177371609993563,-0.0029868196009728,7178039.9,0.6171369352902988,-0.0609168040041507,0.0133896652583685,0.2766990291262099,1.5385,39968.84627884303
GLW,0,0.0206495038159518,-0.0058169642371808,8163695.25,0.518961451042623,-0.113818722139673,0.0268276324614351,0.2749999999999996,0.2982,386010.8316566063
SYY,0,0.0183337649510215,-0.0022972581722025,2673159.85,0.457946999573262,-0.0480612577386771,0.0275543385247304,0.0186335403726715,0.5843,60910.25158309088
BSX,0,0.0122390342171056,-0.0029458167795355,9079611.2,0.3158122970028074,-0.0586552217453505,0.0151975683890578,0.0250000000000037,0.2632,312184.0045592705
BRK.B,0,0.0188608146650885,-0.0004838688697213,5055784.2,0.4245219883144076,-0.0130529011920008,0.0223586365224334,0.0825892857142869,2.0037000000000003,28737.041473274443
CF,0,0.0266787289991393,-0.0033005534619715,3153461.45,0.4653221061893172,-0.0704026371556393,0.0433130699088146,0.47953216374269,0.3948,82683.81458966566
AVY,0,0.0168834282934666,-0.0016312579354244,748270.55,0.4927796084133709,-0.0347321503658228,0.0228262763547656,0.2137404580152676,1.1478,7428.785502700819
DOV,0,0.0153617570765698,-0.0019099775129965,1348260.65,0.5726062818694942,-0.0396924555502162,0.0225860688550841,0.3212513293158474,0.9992,14786.279023218574
PG,0,0.0132807293186446,-0.0052331656788714,11210632.65,0.3535787749485214,-0.101153212520593,0.0191837732160313,0.0127388535031911,0.8184,144817.2165200391
FLIR,0,0.0147530342244528,-0.0009072774556695,957224.15,0.2514825975738518,-0.0200445434298441,0.0227272727272727,0.2545454545454552,0.484,17882.871900826445
MRK,0,0.0197474293184032,-0.0006329181517222,15702538.4,0.5982651339069949,-0.0161971830985914,0.028990694345025,0.4876543209876545,0.5588000000000001,245033.6972083035
HBAN,0,0.0141077442221565,0.001424737056544,12424829.8,0.4787288015721123,0.0269205515430072,0.020460358056266,0.5937500000000034,0.1564,956333.8235294116
WDC,0,0.0190434041824995,0.0020559285559713,4932904.25,0.3047194663855422,0.0383279583229966,0.0265201290168438,0.2747747747747746,0.8371,44650.91386931072
PRU,0,0.0188131262017174,-0.0032260802677838,2144611.5,0.3297736593067055,-0.065798319327731,0.0252766034001979,0.523131672597864,1.1117,20349.051002968423
CAH,0,0.021467278425419,-0.0012604399884993,3374443.15,0.2631761844240322,-0.0292101341281668,0.0274792754068161,0.3463687150838002,0.6514,52062.92600552656
DRI,0,0.0105581790690086,-0.0011977614884907,1289450.65,0.3271590857082564,-0.0247204841522207,0.0252419015565838,0.5229166666666666,0.9508,12763.420277660918
RHT,0,0.0131441666464135,0.0019257313201735,1681970.55,0.3430992334954463,0.0375352396294804,0.0222808788137567,0.3449477351916402,1.2881,11341.510752270786
CBOE,0,0.0260535505828449,-0.0062595028513339,1396109.8,1.194573359581878,-0.1240538267451639,0.0443416401169641,0.699803149606298,1.14565,36580.17719198708
DISCK,0,0.0310307202546436,0.0038811270967956,3422968.85,0.3377652178689949,0.0707317073170731,0.0674259681093394,0.1148648648648635,0.2195,120766.42369020502
MTD,-1,0.016206018112269,-0.0004949523388551,159737.2,0.2039481815105664,-0.0123540362159417,0.0202504828961306,0.4038461538461538,6.4196,258.622032525391
NAVI,0,0.0246330526336597,0.0021708057135618,3544496.55,0.4069661510607899,0.0384615384615384,0.042022792022792,0.644067796610168,0.1404,304664.10256410256
PNC,0,0.0143701173346105,0.0024741584974169,2570663.5,0.3434389390133435,0.0485725882830469,0.0224516129032259,0.462643678160921,1.55,16100.296774193548
WHR,0,0.0206721243474117,0.0011297465206299,1187701.55,0.4458550661380272,0.018708796103819,0.0290928171641791,0.0100200400801625,1.7152,5028.550606343283
MON,0,0.0065751944317357,0.0004753257396161,3380979.5,0.369653724083245,0.0091350988937311,0.021094593472303,0.5708661417322832,1.2041,32721.87525952994
STI,0,0.0168310064229448,0.0016523870657582,3916436.3,0.2915116737566198,0.0307692307692308,0.0371685263005363,0.4522417153996122,0.6901,92003.564700768
FE,-1,0.0277509889118752,0.0015821186867828,11072808.8,0.6631864345589221,0.0249500998003992,0.018175916910094,0.07142857142857,0.3081,208028.01038623825
KLAC,0,0.0246377828335385,-0.0027950231599127,1494061.7,0.2628279442471087,-0.0598901098901099,0.0327293980128581,0.1755952380952384,1.0266,15888.242743035262
WU,0,0.0150105857863881,-0.0037110752727268,5162077.45,0.3079601659872247,-0.0736692015209125,0.0318111852231914,0.0967741935483848,0.1949,227336.5315546434
DHI,0,0.022227763544037,-0.0063495337761288,5697973.2,0.4542333892188064,-0.123793299261783,0.033700583279326,0.2692307692307699,0.4629,183432.66364225536
CHRW,0,0.0140397104709661,0.0006974722839224,2106034.55,0.6916997354385069,0.0121364530942488,0.0342983688019876,0.6614173228346445,0.9257,22354.369666198552
AEP,0,0.0114468149969268,-0.0044701112991232,4220732.1,0.3305962790325632,-0.0868517993765938,0.0167571761055081,0.0833333333333366,0.6445000000000001,91973.03335919316
ES,0,0.0192664721559293,-0.003939551394167,3432785.15,0.4236322477612764,-0.0791518290708967,0.0233784496396554,0.0075187969924797,0.5689,56886.41237475831
BAC,-1,0.0163085569545757,0.0017229328899325,81784108.25,0.4073104431384291,0.0323752890650809,0.0281599999999999,0.4431818181818193,0.3125,3237776.48
XEC,0,0.015726155291819,-0.0091578662186654,1100395.4,0.2236430084913598,-0.170049369171695,0.0427721650457936,0.0441501103752765,1.0591,13083.769238032291
HCP,0,0.0142750130691299,-0.0022400127453033,4587992.6,0.3315457274669358,-0.0457142857142857,0.0278015397775877,0.2153846153846155,0.2337999999999999,227218.09238665528
AOS,0,0.0159768707918601,-0.0002893537504131,1283348.2,0.7259403892231429,-0.0082226438962682,0.0275829081632652,0.3410404624277441,0.6272,18419.64285714286
OXY,0,0.0165853583628714,-0.0033317499146795,4108542.0,0.282376319282774,-0.0670316464147415,0.0336338915128096,0.0085106382978766,0.6987000000000001,80582.31000429369
MLM,0,0.0195417279961516,-0.0018662550464007,700021.95,0.3975220446839286,-0.0401736765931318,0.0463331048663468,0.9822485207100584,2.1885,5552.912954078136
AEE,0,0.0115310673363044,-0.0036685635610876,1763315.15,0.3275715190140334,-0.0720516399162596,0.0191765369430344,0.3823529411764699,0.5318999999999999,50196.31509682271
TRV,0,0.0165818706635875,0.0036594342627545,2351074.35,0.4036379097987005,0.0729976598475125,0.0279808639369634,0.5481243085587821,1.4213999999999998,21346.53862389194
KMB,0,0.0174730698078814,-0.0017906106671024,3180405.2,0.2590998953107087,-0.0380136986301369,0.0246529013883944,0.0397111913357399,1.1236,21528.212887148453
SRE,0,0.0077955191476905,-0.0016373143085689,2764440.85,0.2197255782030063,-0.0328005946850028,0.0200307426265732,0.5131894484412486,1.0409,37568.03727543472
BAX,0,0.0161764369813608,-0.0027094203104777,3440560.6,0.3250282450471689,-0.0552032285961371,0.0224256292906178,0.047619047619043,0.6555,60165.568268497336
LYB,0,0.0214052671578589,-0.0019449126045764,2483467.55,0.4079320595959999,-0.0423795049934868,0.0365013149542032,0.0173913043478244,1.1027,28690.27840754512
EQR,0,0.0114214767391439,-0.0045356024033032,2270342.85,0.4421536329688862,-0.0880513231756215,0.030249736194161,0.0058139534883709,0.5686,49228.20963770665
APH,0,0.0120837297065789,-0.0013420870657987,1618491.1,0.3059033913193977,-0.0278603678009029,0.0268463978251019,0.345991561181437,0.8828,20185.86316266425
GGP,0,0.0129163729022762,-0.0027258456389061,4980441.8,0.2758802766757919,-0.0546471600688468,0.0432407828857534,0.4105263157894731,0.2196999999999999,259033.5912608102
PAYX,0,0.0142781313786615,-0.0022238035631206,2619861.15,0.4725572545605463,-0.0454143320554408,0.0349969107198023,0.4678465816303985,0.6474,41571.40871177016
UNM,0,0.0178006062853543,-0.0057682731998769,2033516.45,0.4183636962918458,-0.1120084269662921,0.0201660735468563,0.3627450980392146,0.5058,55845.92724396995
PPL,0,0.0111219436657057,-0.0016602690609065,6337604.4,0.1943115694030287,-0.0338333865304819,0.0229600264288074,0.4460431654676239,0.3026999999999999,239524.71093491907
WMB,0,0.0157828685087025,-0.0042258239654,5807973.05,0.3156811680367118,-0.0834097158570118,0.023,0.0,0.3,257246.36666666667
LNT,0,0.0111548378985373,-0.0042830513047407,1983207.35,0.3969744343391012,-0.0833537032510387,0.0183999999999999,0.2173913043478247,0.375,50440.4
BEN,0,0.0206627464648602,-0.0048635311411205,3748126.8,0.394718452572856,-0.0966559780119102,0.0225659229208925,0.0,0.3944,93535.34482758622
SNI,0,0.0066609803498983,0.0008248393819656,981039.7,0.4034298931476686,0.0161985782542827,0.0160550458715596,0.1071428571428607,0.872,9108.727064220184
TSCO,0,0.0228768570282805,-0.0079836568620181,2510424.2,0.6362184389398692,-0.152472009057743,0.0166097669585869,0.4369973190348565,0.6737000000000001,35267.06249072287
ILMN,0,0.0183632147564921,-0.0044863083033859,1021840.85,0.341761578664894,-0.0889621087314663,0.0310578661844483,0.6448326055312946,2.212,5045.302893309223
ABC,0,0.0189909865789204,-0.0015470711708048,1918519.9,0.4572229654107219,-0.033839212469237,0.0450010613457865,0.7358490566037731,0.9422,26634.302695818296
RJF,0,0.0174121970440021,-0.0009935531457986,927048.7,0.3045353666965489,-0.0225442834138487,0.0220757825370676,0.1343283582089529,0.9105,7961.559582646898
L,0,0.0147986994708452,-0.0031930397452083,1481336.0,0.4665701126006332,-0.0639546254645023,0.0218345173422482,0.2488038277511938,0.4785999999999999,45649.477643125785
BF.B,0,0.0144886963818213,-0.0016865455993821,873445.7,0.4596514013781462,-0.0351371386212009,0.031038721573448,0.2128712871287096,0.6507999999999999,14805.777504609712
HPE,0,0.0213782373499115,0.0025577333761706,11566125.7,0.2240960125173333,0.0478114478114478,0.0292416452442159,0.5054945054945064,0.1556,842710.5398457584
TSN,0,0.0127930888206083,-0.0056170573432903,2210160.0,0.4798327368069944,-0.1079504011670314,0.0235759062414825,0.0693641618497058,0.7338,33274.161896974656
REGN,0,0.0234939996703058,-0.0045649999696391,1035253.9,0.4672778221270918,-0.0923369049233689,0.0367233495711425,0.2864583333333362,3.3461000000000003,3056.0054989390637
BHF,0,0.0219063068823961,-0.002012963995124,899498.6,0.3933735176593537,-0.0439150866958353,0.029322033898305,0.2716763005780345,0.59,19038.762711864405
FOXA,0,0.018039036337817,-0.0005051869529222,10719744.9,0.3229139292352578,-0.0131362889983578,0.0393788130892954,0.0492957746478877,0.3606,207772.2407099279
VZ,0,0.0153604455228153,-0.0004710310131489,19810478.6,0.3372265621070462,-0.0116256539430343,0.0280337188786512,0.3566433566433553,0.5101,314969.75102921
LNC,0,0.0205687642800862,-0.0017729750816342,1606828.4,0.3095389822764073,-0.0388099902056807,0.026366068016813,0.3526570048309209,0.7851,22062.57801553942
FBHS,0,0.0204687600833065,-0.0049616720160489,1523345.2,0.6533963380933169,-0.0984072810011375,0.0250788643533123,0.0754716981132057,0.634,51928.84858044164
AON,0,0.0119125216799754,0.0013764359941622,1470477.6,0.4254551873033191,0.0265118317265558,0.023336890786197,0.3658536585365904,1.4055000000000002,13944.74564212024
DWDP,0,0.0213014279829905,-0.0030296824969482,9422553.05,0.4979584057223306,-0.0629147863020972,0.0229461756373938,0.0493827160493815,0.706,158854.77337110482
MKC,0,0.0191089539960886,-5.049227956704372e-05,1376388.1,0.4580142552057701,-0.0044608223429015,0.0227936879018118,0.2692307692307669,1.0266,10079.193454120395
STT,0,0.0194070033790285,0.0012152641226612,2020136.35,0.2327508666964,0.0209072978303746,0.0257921174652241,0.0374531835205971,1.0352,20386.002704791343
XYL,0,0.0154400394073632,0.0017359688792111,1197655.85,0.466053533833972,0.0329496402877698,0.0242373589636438,0.3850574712643699,0.7179000000000001,24361.90277197381
RCL,0,0.0180020289136712,0.0022896582052985,1696201.85,0.4347044965481685,0.043605359317905,0.0227980080921257,0.4641638225256008,1.2852,13707.905384375972
PRGO,0,0.0151236219082907,-0.001750056546059,934168.85,0.2170047075869142,-0.0365477763099956,0.0165676416819013,0.3724137931034421,0.8752,8509.449268738574
TMK,0,0.0131868683216599,-0.0049199885630042,709849.05,0.4180122276391739,-0.0954708374063212,0.0207732949087416,0.3294797687861306,0.8328,11725.384245917388
BHGE,0,0.028111015723768,-0.0093444271815845,5722384.8,0.3090494424591333,-0.1775620896374536,0.0413051023950016,0.1428571428571415,0.2880999999999999,126912.14855952797
ISRG,0,0.0235689835608241,0.0005027121647768,1062526.35,0.3600324049980267,0.0048541247484908,0.0363927614947563,0.2193947730398895,3.9953,1928.8789327459767
GD,0,0.0210049216041425,0.0023661706016208,1952503.65,0.3887649966259799,0.0440547891975907,0.0307280762968133,0.4451173353520045,2.1495,9128.066992323797
INTC,-1,0.0298489290535429,0.0021876727706299,38108413.1,0.3808890133341585,0.0362219165520404,0.0433628318584069,0.4387755102040827,0.452,829832.1681415929
COTY,-1,0.0203501038763986,-0.0079547234927833,5072658.5,0.4772909647280633,-0.1510441962117532,0.0291762013729978,0.6470588235294134,0.1748,766562.528604119
EQIX,0,0.0162844118365549,-0.0032599681620027,719946.4,0.2667935854222428,-0.065573051449625,0.0287504693954187,0.0228571428571406,4.2608,995.4867630491926
NLSN,0,0.0185655699136078,0.0018301465839951,3746570.65,0.3609803204387854,0.0338563170933114,0.031416400425985,0.6864406779661038,0.3756,182779.20660276889
VTR,0,0.0147806909036834,-0.0041549271447972,3015142.7,0.2347135276137464,-0.0818166059975732,0.024542193694544,0.1153846153846145,0.5297,61664.7913913536
AIV,0,0.0132659114358877,-0.0033238132041159,1196337.95,0.3320877912934139,-0.0659838018103858,0.0272889568987503,0.0,0.3921,26578.24534557511
CTSH,0,0.0137144815279973,0.0021321003237545,3909771.7,0.3280959872318905,0.0416553226245576,0.0363303711447987,0.0071942446043151,0.7652,92951.071615264
NTAP,0,0.0193378296872037,-0.001557340065819,2780806.5,0.2510645103683882,-0.0341880341880341,0.0260281103591879,0.2733333333333358,0.5763,41570.69234773555
IVZ,0,0.0188165521457428,-0.0051131956872541,3677745.9,0.3278202556372211,-0.1005376344086022,0.0277943813508666,0.0322580645161302,0.3346,124417.33413030484
FL,0,0.022879304420381,0.0023909362024006,3352917.35,0.2042312181572441,0.043695652173913,0.0322849406373673,0.3935483870967727,0.4800999999999999,67010.85190585295
SNA,0,0.0132989363947504,-0.0034229144289881,645029.65,0.3384392076620354,-0.0678563437010516,0.0260457300606133,0.0483870967741953,1.6663,5192.270299465883
APTV,0,0.014276860747064,0.0006017601411586,2254629.1,0.2668435022674626,0.0101347708894878,0.0331465471234922,0.4670745451618079,0.9369,19942.65129682997
CLX,0,0.0210464399165024,-0.0064670598005049,1351776.8,0.5748891221694874,-0.1254789272030651,0.0252699108120795,0.0464396284829694,1.2782,14529.424190267564
WRK,0,0.0167084989628836,-0.0021238636884342,2286120.15,0.5019078531142193,-0.0442136498516321,0.0279416330332194,0.1555555555555564,0.6442,37887.33312635827
URI,0,0.0200123637973903,0.0005232595435193,1526564.4,0.3741015273195299,0.0066693730789306,0.0331259361677612,0.5686956521739148,1.7358000000000002,10598.542458808615
CCL,0,0.0145629255511951,0.001190397223532,3504816.6,0.2698165960712234,0.0220316427620879,0.0227719907407407,0.4701397712833609,0.6912,45176.09953703704
DVN,0,0.0238739088311006,-0.0070026316849172,5503233.95,0.3476433655691878,-0.1358721203573108,0.05930359085963,0.0091743119266036,0.3676,230400.4080522307
C,0,0.015633250519551,-9.469620615454866e-05,17766553.35,0.3320287174147124,-0.0042491037046873,0.0234031204160556,0.3817663817663806,0.7498999999999999,252145.32604347248
CBG,0,0.0180953007038928,-0.0028144215049507,1885094.55,0.4014737234002357,-0.0578073089700996,0.0265632346027269,0.1592920353982294,0.4254,69235.09637987777
NI,0,0.0099127308439778,-0.0033175653922407,3378060.15,0.2408116551257852,-0.0651821862348178,0.0246860112602858,0.0175438596491255,0.2309,175211.77999133823
KO,0,0.0116044865180936,-0.0017729587222197,13986761.0,0.3165074079145469,-0.0361237291801859,0.027266606822262,0.2304526748971209,0.4456,404883.6175942549
DVA,0,0.0134976244256996,-0.0017583787740579,1330906.5,0.319016663362282,-0.0362721053310959,0.0265429949102598,0.5054750971388191,0.7465999999999999,13539.967854272703
PNR,0,0.0127971607842932,-0.0029059785449213,1255722.8,0.4802168798771362,-0.0580406147091107,0.0214129643117261,0.3605442176870759,0.6865000000000001,23944.107793153675
REG,0,0.0122353647254026,-0.0066967294088232,1144975.2,0.2779920766321,-0.12701062215478,0.0279853989223013,0.0186335403726715,0.5753,25602.850686598296
CCI,0,0.0134421903037181,0.0005802875701941,3117012.15,0.2630752742535561,0.0099368499257057,0.0192183908045977,0.4449760765550264,1.0875,27390.77701149425
INCY,0,0.0194943344094333,-0.0052569856705089,1854417.4,0.3249325034192886,-0.1033336795098141,0.0227009497336112,0.1275510204081636,0.8634000000000001,14530.49571461663
VRSN,0,0.0133389376227733,-0.0016516821307353,770457.0,0.2551757827678859,-0.0341683632822873,0.0249289707634497,0.3382352941176478,1.0911,9113.857574924388
LUK,0,0.0159812839015712,-0.0047904573292244,1505802.25,0.5596645296949448,-0.0938405797101449,0.0335865653738505,0.5119047619047637,0.2501,89699.48020791683
EQT,0,0.020244734595546,-0.0101761420247519,3865636.45,0.3497543505448147,-0.1882453151618399,0.0591815320041972,0.1843971631205659,0.4765,101857.52360965373
ADI,0,0.0219041544144891,-0.003319851424634,3740840.55,0.2956765224247423,-0.0686381492797905,0.0311657879320444,0.0225563909774391,0.8534999999999999,53377.66842413592
PPG,0,0.0155244343199536,-0.0016445274434372,2034063.15,0.383841122998911,-0.0345965149720859,0.0285639183387364,0.1993865030674826,1.1413,19480.268115307103
TROW,0,0.018205250883081,-0.0022342164706129,1927165.6,0.4017392589429853,-0.0468008948545861,0.0240330454374765,0.078125000000001,1.0652,21890.987607960946
KMI,-1,0.019447647225036,-0.0043669639745276,19235713.1,0.2758330961610713,-0.0871172122492081,0.0179294389820704,0.1935483870967708,0.1729,1119704.3377674958
PNW,0,0.0101238219611381,-0.0043087231695301,788559.95,0.2789409355137249,-0.0836381370397464,0.0176955827567855,0.0300751879699188,0.7515999999999999,13097.32570516232
SPG,0,0.0096406189826245,-0.003281607298702,2077484.1,0.331425984909427,-0.0644596145713767,0.0241508459253519,0.0267379679144445,1.5486000000000002,13274.732016014465
AIZ,0,0.0137826158592713,-0.005559606573698,393894.7,0.2629461065063355,-0.1071536676420139,0.0283647869815799,0.5099601593625492,0.8848999999999999,5152.49180698384
AMD,-1,0.0336702783051947,-0.0003962979627173,62214173.95,0.4540383023522487,-0.0186125211505922,0.031896551724138,0.1891891891891894,0.1159999999999999,4806755.517241379
UNP,0,0.0216410044984921,-0.0042302261068722,6300697.85,0.528208345399139,-0.0853900709219857,0.0223317307692307,0.0069446855793639,1.2896,39182.38213399504
SRCL,0,0.01658224593914,0.0020313988488387,847868.5,0.3220046069340341,0.038716577540107,0.0336353651839648,0.7510204081632659,0.7284,18102.375068643603
CBS,0,0.0222416204456187,-0.0020894206707806,4899108.55,0.2891355967200535,-0.0455438471155564,0.029940119760479,0.0875000000000002,0.5344,76014.27769461078
BA,0,0.0260909742999303,0.0047907408985869,7079320.0,0.4014063791169883,0.0932387023835693,0.0394116971159369,0.601311953352771,3.4812,22827.38710789383
CNC,0,0.0183911126745152,-0.0005948462528087,1352035.35,0.5064384827245342,-0.0150042464848542,0.0390879478827361,0.3357843137254879,1.0438,29749.23356964936
CXO,0,0.01431696107056,-0.0021735095830801,1253573.35,0.4487923336090014,-0.0444544809342539,0.0259959486833222,0.0467532467532482,1.481,13454.713031735317
HST,0,0.0152681855700922,-0.0023681521096132,6433322.3,0.353818244816542,-0.0484344422700588,0.0246786632390745,0.3124999999999968,0.1945,323175.4755784062
CINF,0,0.0125811295937269,-0.0003215110517896,626330.8,0.4001602284529012,-0.0079224149706324,0.0216164119509845,0.2292993630573234,0.7263,14284.9648905411
O,0,0.013667855230673,-0.0050681117757846,2509929.3,0.4304035263320983,-0.0982488479262672,0.0421095666394113,0.014563106796117,0.4892,119933.52412101388
RF,0,0.0163104531570832,0.0033451647894556,12085499.45,0.3514880786921389,0.0663667041619797,0.036392405063291,0.6521739130434794,0.1896,740365.6118143459
ITW,0,0.0163388404556664,-0.0015007536714259,1457723.3,0.3046099489906028,-0.0320975956413598,0.0277165932452276,0.0706401766004399,1.6344,9983.333333333334
UPS,0,0.017944394174228,-0.006966800787916,5190730.1,0.6391530829503295,-0.1332197351095966,0.0146546331873827,0.176829268292678,1.1191,64513.332141899744
NKE,0,0.0171397354319258,0.001327142477301,7850543.75,0.3515866258931867,0.0240287096270867,0.0265275026664635,0.304422745548536,0.6563,134781.73091573975
CTL,0,0.0213679473071641,0.0017652978542925,11624825.45,0.379464292869106,0.0314389359129383,0.0246189917936695,0.214285714285713,0.1705999999999999,491131.9460726847
NTRS,0,0.0150776433337588,-0.0016111589319041,1346400.25,0.3788500365587575,-0.033857663533474,0.0254144743373373,0.0312499999999994,1.0073,15045.358880174725
LRCX,0,0.0334799950953085,-0.006484208430548,4337713.5,0.3498710373145652,-0.1312952371311433,0.0456213948610383,0.0038314176245212,1.7163,19829.138262541517
ESRX,0,0.0129390268248058,-0.003118671159728,4502756.4,0.4644588403187112,-0.0620698285571266,0.0188125416944629,0.0212765957446817,0.7495,49272.62174783189
KMX,0,0.0178824583811384,-0.0030952798473799,1983951.45,0.5835208113294741,-0.0630372492836675,0.0224770642201834,0.5510204081632673,0.654,28751.406727828744
FCX,-1,0.0303068848301152,-0.0024381645762649,22788606.4,0.3102721809371293,-0.0560253699788584,0.0394736842105264,0.1205673758865257,0.1785999999999999,1737079.8992161255
MMM,0,0.0167406329435747,-0.0015681062678109,2875165.7,0.4397287886362571,-0.0335295092838196,0.0201509498692054,0.0785273462438814,2.3319,12374.329945537973
TRIP,-1,0.0385786314779297,0.0092615899348027,3387228.25,0.6637009441440251,0.1867591789534545,0.0326431181485993,0.7835820895522347,0.4105,103030.0365408039
MYL,0,0.0213402770289053,-0.0043082022304935,5888579.0,0.2442155601651582,-0.0867012869722284,0.0279357231149566,0.4424778761061965,0.4045,128269.02348578491
APC,0,0.0226281462726187,0.0030472670361476,6437536.25,0.3645416278926676,0.057636887608069,0.0606267029972751,0.2949438202247187,0.5871999999999999,204562.9257493188
ZION,0,0.0164746494231286,0.0022209520118639,2638728.85,0.4734059897864022,0.0426558579424821,0.038781932617549,0.8591885441527471,0.5402,118979.63717141798
BBT,0,0.0124187780997878,0.001709219089003,4785817.1,0.2666459061860728,0.0332117488961412,0.0195094760312152,0.4952380952380962,0.5382,83825.3994797473
SPGI,-1,0.025560392645272,0.001822071752558,1348595.65,0.8221069716317474,0.0307492665312569,0.0567080847337018,0.7403474903474901,1.8269,13169.954567847171
CB,0,0.0137720368014082,0.0006601829322151,1975215.3,0.358694540801882,0.0114501199862873,0.0321780097613881,0.5533927405253989,1.4752,21029.75189804772
RE,0,0.0194371944221443,0.006619630584549,389321.2,0.4249838367366449,0.1371283705923023,0.0342521280907986,0.5289940828402355,2.467,2712.756384272396
AMAT,0,0.0271525523929405,-0.0055972099533215,13760715.5,0.246997870640633,-0.1124681006197594,0.0392277675087286,0.0104712041884796,0.4869,303211.5629492709
HON,0,0.0137911172076414,-0.0014763232747173,3562270.55,0.2721191841803109,-0.0308954554195243,0.0232819630927972,0.0511363636363654,1.5119,20979.8465506978
SLG,0,0.0154394574939764,-0.0028952027866417,1184526.05,0.3782641511380544,-0.0585014701409307,0.0212147318544044,0.0406091370558367,0.9286,11854.67370234762
APD,0,0.016300316538724,-0.0031838054869085,1436852.8,0.4391154262938073,-0.0641783982018218,0.0235130522722963,0.026881720430106,1.5821,10429.290183932748
DUK,0,0.0107472232774323,-0.0043330282023059,4421279.4,0.2279050528039217,-0.0841949778434267,0.0185483870967741,0.1594202898550721,0.7440000000000001,65058.81720430107
DHR,0,0.0150940495122704,-0.0016210479520001,3007545.65,0.4528838387539555,-0.0340736233647703,0.0233070866141732,0.2252252252252253,0.9525,56031.55905511811
ESS,0,0.0146593788956892,-0.0039570634821586,449176.95,0.4408500250614872,-0.0781309518770898,0.0275010330104218,0.0484140233722859,2.1781,2480.43248702998
LOW,0,0.0204387968023249,0.0029624020874491,6591048.75,0.4701290102397777,0.056795346377578,0.0257706164931944,0.0679611650485428,0.9992,52614.68174539632
GOOGL,-1,0.0197612673554193,-0.0024537610758106,2225971.05,0.5540996063909347,-0.051564086665049,0.0302346955211719,0.0247571294265179,10.5541,2460.744165774438
WY,0,0.0163832128450396,-0.0009316209207428,5311865.9,0.3817937779589074,-0.0209869540555869,0.0202780996523753,0.0857142857142894,0.3452,123413.41251448434
KORS,-1,0.0127182937382646,0.0018410954176938,2138557.6,0.671357572768104,0.0358821685991851,0.0789593102405082,0.2643678160919532,0.6611,101719.89109060656
ADSK,0,0.0188059078389851,-0.0005364466163891,2119464.75,0.3084003499240944,-0.0140041031130139,0.0275918219648995,0.0098360655737708,1.1054000000000002,14471.376877148545
FB,-1,0.021651691153112,-0.0018624771290515,29107571.5,0.534665928370186,-0.0409325597487624,0.0284809634809636,0.0448194555410521,1.8018,153190.6204906205
M,0,0.026425738163365,0.0004765380600912,8995039.65,0.3247702550407114,0.0028351559335763,0.037762520193861,0.7593582887700554,0.2476,360679.07915993535
RHI,0,0.0185986064405926,-0.0001981141042974,1211304.95,0.499535491746551,-0.0072399788098181,0.0236570615439345,0.6015037593984949,0.5622,32799.12842404838
SNPS,0,0.0125845851688519,-0.0021099484753471,930332.2,0.3538050218237614,-0.042814137585015,0.021665695981363,0.016129032258065,0.8584999999999999,16673.838089691322
AJG,0,0.0202545026162882,0.0021031674295737,1261584.1,0.4514463235409528,0.0389753261040389,0.0305551353804265,0.4356435643564342,0.6611,18874.52730297988
VRSK,0,0.0109305026093828,-0.0010074156107988,953596.8,0.3532963383438031,-0.0210896309314587,0.0198542612736298,0.090425531914894,0.9469,9928.313443869469
IT,0,0.01980157010632,-0.0036297523241927,656950.3,0.8623950202121725,-0.0736719658782472,0.0382586856425283,0.0087527352297606,1.1945,13733.645876935956
FMC,0,0.0178316180460555,-0.0076088470244852,1525156.4,0.638473004382677,-0.1442983797003974,0.0261998332737881,0.0954545454545431,0.8397,10782.219840419197
TMO,0,0.017383939297611,0.0004943434889718,1717414.05,0.3301762952721307,0.0070354196991752,0.0244278487111539,0.2800788954635144,2.0755,7964.461575523969
NUE,0,0.0153956838573898,-0.0035998647542525,3255502.85,0.320193536443595,-0.0717025671289465,0.0201700572155116,0.0,0.6292,50114.09726637
CTAS,0,0.0125163550725989,-0.0013776358436402,579792.45,0.3502324582109046,-0.0286564942314849,0.0253512132822477,0.2795969773299712,1.5659999999999998,4240.644955300128
BDX,0,0.016630819031951,-0.0008694957253642,1568759.3,0.3187842010521627,-0.01987456938433,0.0315428983417447,0.1414285714285686,2.2192,11772.14762076424
HII,0,0.0252125561781309,-0.0006168229534396,523642.3,0.3640306272343984,-0.0183110367892976,0.0469508559747892,0.6721088435374143,2.3482,1552.9767481475174
MU,-1,0.0365975745799687,-0.0005137795667478,39811225.55,0.2468343917085065,-0.0223411682569234,0.0433230183289693,0.1483516483516461,0.4201,1222441.8947869556
COST,0,0.0141423876044605,-0.0007426275936037,2781624.35,0.2624751855091876,-0.0166407214557946,0.0170314973524755,0.0384615384615398,1.8319,14164.648725367106
MMC,0,0.0110821290293952,0.0001618682438403,2719672.5,0.3100785185362796,0.0020734235882424,0.0192307692307692,0.2025316455696161,0.8216,33141.94255111977
TPR,0,0.0234890971628134,0.0052449341315148,3050315.45,0.653093394409658,0.1047409040793825,0.0355289421157684,0.6573033707865173,0.501,159164.59081836327
INFO,0,0.0132614972153428,-0.0016866712961724,2588191.2,0.3826794461598188,-0.0348290598290597,0.0222492804959044,0.0298507462686577,0.4517,36696.015054239535
GE,-1,0.0240789258097976,-0.0094968653563269,117014345.5,0.4152111054433198,-0.1783405172413792,0.0177049180327868,0.0,0.1525,4984080.196721312
FDX,0,0.0110005734435076,-0.0031369628657422,1714708.8,0.3184394957679414,-0.0619981325863678,0.0237308381445351,0.4429530201342301,2.5115,6052.426836551861
XOM,0,0.0194740898175644,-0.0058091938927381,15202568.7,0.5283494043845991,-0.1132880027659329,0.0323628801663633,0.0080321285140546,0.7694,285864.95970886404
VRTX,0,0.0240432242873169,0.0001701624580777,2168864.25,0.4502804704147319,-0.0021793474777258,0.0288751846855528,0.0122358175750786,1.5567,11645.898374767135
DISCA,0,0.0310285437617081,0.0037477891782195,5435486.45,0.369618725934371,0.0678983833718245,0.0726643598615916,0.1845238095238109,0.2312,232343.81487889276
BBY,0,0.0223252497594406,0.0012884314773321,3369907.1,0.249503521794091,0.0212095156205216,0.0342408083076059,0.5696721311475418,0.7126,48670.09542520348
SO,0,0.0096921160490952,-0.0035858017921379,8998510.6,0.2101045472891182,-0.0701566187513408,0.0172127365020766,0.2091152815013477,0.4334,233625.33456391323
CHTR,0,0.0170310135159041,0.0013619050798281,1726228.9,0.6104755422776681,0.0247773142406134,0.028769082657131,0.3335882971603434,3.6355,4277.219089533764
COP,0,0.0158087227970553,-0.0019044509428935,6469696.6,0.2980006642254477,-0.0397030899361297,0.0240895200431421,0.0,0.5563,138803.70303792917
PFE,1,0.019512504362528,-0.0018195055158815,28269597.35,0.4043518931599715,-0.039274924471299,0.0194396798170383,0.0147058823529382,0.3497999999999999,839622.6986849629
CMS,0,0.0102033829083442,-0.0039845503804955,3058895.35,0.3563681835494056,-0.0776635309560272,0.0161290322580645,0.1323529411764652,0.4216,81663.99430740038
LUV,0,0.0191216871118979,-0.003552526319417,5799782.6,0.3528860991007642,-0.0719781981404296,0.0198652617032302,0.0,0.5789,77270.18483330455
MNST,0,0.0171396562522236,-0.0005748413078982,2561173.05,0.2431877729404828,-0.0142028100183263,0.023702556158017,0.6339869281045739,0.6455,45408.05577072038
DTE,0,0.0096955739884623,-0.0030789199644685,1620829.1,0.4018502616610179,-0.0606548069644209,0.0152110405963532,0.1523178807946961,0.9927,11658.094086833888
CI,0,0.0214150840173735,-0.0028540175716498,1677742.8,0.6003646094689555,-0.0597969885024294,0.0202108063855915,0.2683544303797462,1.9544,8847.784486287352
PEP,0,0.0108237944364272,-0.0019196496811195,4383613.7,0.241824469762511,-0.0387872628726287,0.0266079295154184,0.2483443708609274,1.135,43448.63436123348
APA,0,0.0257612728409514,-0.0056179471566928,4333364.65,0.2707917064418162,-0.1122334455667789,0.0668065739570165,0.0832639467110736,0.3954999999999999,143498.91276864728
AKAM,-1,0.0156665685250455,-0.0021604134571714,2147454.7,0.8946591672114916,-0.0445991998814637,0.0673076923076923,0.0391705069124427,0.6448,149425.2016129032
VNO,0,0.013113426768536,-0.0044697746735301,1346623.75,0.3890872474950786,-0.0872100908721009,0.0279346210995541,0.0106382978723383,0.6729999999999999,19547.578008915305
GILD,0,0.0234706607004536,0.0031627710553877,10477420.55,0.4128717253656643,0.0596670934699105,0.0631947800869986,0.6520076481835579,0.8276,245476.1116481392
ANSS,0,0.0143483050678405,6.235594023630831e-05,513665.7,0.2424034503786774,-0.0007090369988396,0.0217377281816421,0.1335311572700272,1.5503,2865.290588918274
HPQ,0,0.0195863272506523,-0.0012092880426104,9993050.75,0.3250814438363173,-0.0275103163686381,0.0225129655822724,0.340314136125658,0.2121,558179.5379537954
GRMN,0,0.0130021481852006,0.0027117460646837,1295644.9,0.4183141956627042,0.0539682539682539,0.0435954343690551,0.7199999999999989,0.6308,25841.50285351934
MAS,0,0.0155985918886416,-0.0029894318338239,3100397.8,0.2620234542307202,-0.0603125687871451,0.0290466151323495,0.4999999999999971,0.4269,106709.4167252284
EMN,0,0.0109574879110073,0.0009286747424291,1416881.15,0.5880904241910688,0.0175799321476303,0.0205091937765205,0.3054187192118247,0.9898,16148.242069104868
WM,0,0.0141701651465793,-0.0034151150627997,2019047.9,0.579803776948739,-0.0679667008780932,0.02251315306497,0.054347826086961,0.8173,34775.12541294506
IPG,0,0.0181040593443073,0.0025378848406134,5133943.25,0.3429171984238259,0.0487444608567209,0.0342723004694835,0.4931506849315057,0.213,215922.676056338
AMG,0,0.0198781918752711,-0.0030019501739454,439707.85,0.4295060881023006,-0.0619164128426624,0.0249108426039282,0.2564102564102596,1.8787,3140.549316016394
TIF,0,0.014922584352801,-0.0015424658349295,1476421.95,0.4292899246301075,-0.0324760653275765,0.0312863795110594,0.2806201550387593,1.0308,9454.734187039194
VLO,0,0.0158478858403192,-0.0021938044778917,3560804.15,0.4099506515255721,-0.045270988310308,0.0301647373107746,0.0,0.8984000000000001,48358.41495992876
PSA,0,0.0129649349139425,-0.0040015644535446,1127245.1,0.3967194777582788,-0.0785483470047229,0.0262206636093877,0.3271604938271603,1.8535,5512.047477744807
ZBH,0,0.0114970160362589,-0.0013282867019692,1585719.55,0.3372403536311005,-0.0274579273693533,0.023017055803941,0.0143884892086353,1.2078,9482.256996191423
WYN,0,0.0211749036729574,0.0025196982362142,1126642.85,0.4315313392732546,0.0471906148010937,0.0199629380053908,0.1308016877637138,1.1872,6661.017520215633
TXN,0,0.0293936615090867,-0.003536104760461,7845181.85,0.3940820598135892,-0.0761844369961046,0.0369680329476368,0.0185676392572963,1.0198,98147.76426750344
DIS,0,0.014105271086892,-0.0023150807800527,8936850.1,0.3452341330170403,-0.0471166090594869,0.0345551737304315,0.0966850828729304,1.0476,118795.1699121802
MS,0,0.0199612155666352,0.0013512671697899,10742205.15,0.2973354529427587,0.023452157598499,0.0333638863428047,0.3626373626373607,0.5455,211580.8065994501
WAT,0,0.0150133109639639,-0.0015888710728626,595449.4,0.4434533896149005,-0.0334035222052068,0.0154223190414893,0.0353130016051315,2.0198,1927.3640954549955
BLK,0,0.0196130787452385,2.6178199487791875e-05,798498.55,0.2788614087048248,-0.0031464209461738,0.0181490249126366,0.0269151138716347,5.3226,1263.3224364032617
ROK,0,0.0167951925750956,-0.0034274996870378,934183.4,0.34436080655701,-0.0689025893958076,0.0232545820531835,0.3507972665148056,1.8878,5213.423032100858
KSS,0,0.0243522546832854,0.0052154433256459,3904052.6,0.3215266342158469,0.1034724658014731,0.0247933884297521,0.3141025641025649,0.6292,48908.75715193897
SIG,0,0.0277358489079727,-0.0056626281643955,2245793.65,0.8254976003164745,-0.1139777345820816,0.0319106501794974,0.4249999999999994,0.5014,34794.69485440766
BK,0,0.0195246355879237,-1.5926715052094754e-05,5437885.2,0.4275371881211047,-0.0039596832253419,0.017979761474521,0.1306532663316612,0.5534,110656.34260932416
QRVO,-1,0.0457713408406897,0.0071491181803769,3093060.0,0.7283328034567164,0.1317391304347826,0.0249711870918171,0.0102564102564154,0.7809,46344.28223844282
TWX,0,0.0065505984329363,0.0015318127321195,5146161.6,0.4238743332445041,0.0306675335934113,0.0158763536957208,0.0993377483443742,0.9511,54597.792030280725
KEY,0,0.0170864955480675,0.0010729773023863,11273181.55,0.3096884749750813,0.0188042430086789,0.0283956460009464,0.4666666666666643,0.2113,579090.2508282064
MAR,0,0.0168109608058082,0.0008318209196903,2109093.0,0.3477203153891976,0.014014958971752,0.029432111142939,0.2384242925618589,1.3964,12936.08564881123
COL,0,0.0076645244855012,-0.0009006660769954,1317548.3,0.4389036516941869,-0.0184138031027982,0.0161742983751846,0.3424657534246579,1.354,12279.47562776957
ULTA,0,0.0173003654863313,-0.0031477335141676,1192888.95,0.3706198887380342,-0.0637987291773999,0.021828854443731,0.2415966386554638,2.1806,3455.562689168119
FOX,0,0.0177524493917597,-0.0005171017139607,3638223.8,0.4121398879885061,-0.0132669983416251,0.0375350140056023,0.0597014925373173,0.357,112162.96918767506
IR,0,0.0171648253240467,0.0003061987377808,2078567.1,0.4648480176496262,0.0033006931455605,0.026976642175677,0.0162601626016228,0.9119,23139.32448733414
D,0,0.0085701323101991,-0.0022481605190311,5201938.0,0.2699021165573884,-0.0446833311747181,0.0196583514099781,0.248275862068967,0.7376,66619.7532537961
MGM,0,0.0201906013153045,0.0017323784069655,8625403.85,0.3506863389587585,0.031222123104371,0.0259515570934255,0.1222222222222217,0.3468,193128.22952710497
ADM,0,0.0170324170913377,0.0025302324116398,4072467.25,0.3136107447835977,0.0489806066633515,0.020858023228253,0.0227272727272683,0.4219,108741.55013036264
DPS,-1,0.0504073591381087,0.0116820452019404,3474358.7,1.536068685448151,0.2353433835845896,0.0097457627118644,0.0,1.18,25269.27118644068
CPB,0,0.0168969370571816,-0.0025743454223453,2418771.7,0.3920444417260453,-0.0528541226215644,0.022767857142857,0.019607843137251,0.4479999999999999,35827.63392857143
NCLH,0,0.0184326802054813,0.0026497718755802,1773056.5,0.3481866395127425,0.0509646887513652,0.0256321440942153,0.1418918918918927,0.5774,26302.164877034986
DG,0,0.0164298974766491,0.002019960849847,2346729.15,0.363694972223392,0.0385145888594163,0.0212505108295872,0.2067307692307658,0.9788,22848.31426236208
ARNC,0,0.0246492638546825,-0.0082611401457059,4227485.4,0.6005634876944729,-0.1580006709157999,0.0235059760956175,0.389830508474577,0.251,221082.4701195219
ORCL,0,0.016430836124439,-6.463331307838826e-05,16276804.45,0.2195050375013555,-0.0038728088055443,0.0210763249437282,0.0485436893203855,0.4886999999999999,309761.44874155923
QCOM,0,0.0229026952585398,7.503325178481735e-05,12466599.7,0.6295926288189285,-0.0035238241152135,0.0322878228782289,0.4857142857142886,0.6504000000000001,230953.42865928655
PLD,0,0.0182194024083256,-0.001967552954466,2965303.7,0.3006344282149607,-0.0416600159616919,0.0323117921385742,0.0360824742268043,0.6004,68912.4250499667
SHW,0,0.013710805412063,-0.0024127856757553,789314.9,0.3413962014882548,-0.0488673062869804,0.0207445226529196,0.1015531660692977,4.034800000000001,1965.5868940220084
CAT,0,0.0169201512482678,-0.0036271285840865,7538074.25,0.459384755341804,-0.0726431532776542,0.0246857587145263,0.0157480314960635,1.5434,46368.33614098743
FISV,0,0.0145517415751096,-0.0025760677724104,1218220.25,0.5090942508141801,-0.0522415437669675,0.0186962917086012,0.2484472049689396,1.2916999999999998,18395.161415189286
GIS,0,0.0158197969373038,-0.0039720988864817,3519676.0,0.2727297485783582,-0.0787255563047876,0.0296431838975298,0.0185185185185191,0.5465,64099.08508691675
PYPL,0,0.0224325610717974,-0.0020756353552198,12077257.65,0.7399182848290954,-0.0454602853895693,0.0349252546633152,0.2462121212121233,0.7559,158592.65775896283
EA,0,0.0207765134984133,0.0048361712507618,4988017.9,0.5590607036204205,0.0968978427527187,0.0229175132060137,0.3085106382978697,1.2305,33050.65420560748
MET,0,0.0242437476014291,-0.0058838464197351,9337916.7,0.8168293082352502,-0.1165011459129106,0.0237786424556852,0.3909090909090901,0.4625999999999999,195156.35538262
AFL,0,0.0213133373894715,-0.0022805342911866,3185982.75,0.8273072612118934,-0.0488888888888889,0.0214941588785046,0.1793575737811828,0.856,27124.310747663552
UTX,0,0.0170861613315933,-0.0007219970242921,4866646.35,0.3224932395898595,-0.0171296641096299,0.0324316132454345,0.6799065420560738,1.3197,59910.6236265818
TXT,0,0.0159453687844251,-0.0003418844575851,1552476.6,0.3966933252887343,-0.0092386655260907,0.0324641685373855,0.5106382978723384,0.5791,32073.424279053703
ANDV,0,0.0191112433629883,-0.0069299574562942,1677764.2,0.3815660447301818,-0.1328852119958635,0.0467103955476047,0.0234042553191488,1.0062,21677.509441462927
HP,0,0.0172002950739583,-0.0004041653432569,2059979.05,0.2576667327595535,-0.0108488491423544,0.048169556840077,0.1353846153846147,0.6747,32254.24633170298
CELG,0,0.0186209387690027,-0.0049717140907563,8727904.45,0.2335327805985785,-0.0979239738363825,0.0233291298865069,0.2837837837837819,0.9516,77384.54182429593
SWK,0,0.0133557032730605,-0.0040693423816062,1273913.3,0.3973224586201853,-0.0798917113069523,0.0211794165518967,0.026602033577679,1.5974000000000002,8169.268811819205
JCI,0,0.0179711269133379,-0.0013500444720021,6938471.8,0.2657027707586615,-0.0296774193548386,0.0208776595744679,0.1910828025477697,0.376,137947.79255319148
BLL,0,0.0218425722674248,0.0012904106119493,3853521.05,0.3396891540761468,0.0215584415584415,0.0302568014238494,0.0168067226890723,0.3933,191941.36791253497
MAT,-1,0.0375002902410826,0.0042469076630528,7516013.0,0.5428632607152446,0.0745891276864728,0.0547058823529411,0.4086021505376335,0.17,636212.3529411765
EL,0,0.0124819837897623,0.0012039800867973,1859791.1,0.4298319557829861,0.0228549734244496,0.0260930888575457,0.2062588904694159,1.3471000000000002,21050.508499740183
UHS,0,0.0183236992548042,0.002942127076314,844398.0,0.4432420375929674,0.0571351204982398,0.0252689549180327,0.4627470856563629,1.1712,4249.240095628416
ALGN,0,0.0243034317980768,-0.0032347207049114,1426521.6,0.5514030332387743,-0.0680480432707603,0.0367857295267358,0.0846867749419974,2.3433,4953.215550719071
WBA,0,0.0196663866090589,-0.0011156814547233,5658488.7,0.3171954793888791,-0.0257423045491691,0.0285195023067245,0.1813725490196095,0.7153,60517.12568153223
PSX,0,0.0175977549311584,-0.0029450778511914,2330772.1,0.4084084989215792,-0.0600668501769563,0.0261478924798661,0.0079999999999984,0.9561,23006.64156468989
PX,0,0.0170006411964534,-0.0039693234806005,2399480.0,0.3076781914754965,-0.0790152259332023,0.0318645423638424,0.0020920502092031,1.5001,14985.754283047798
WLTW,0,0.0135193127522806,0.0018835625880154,621164.35,0.3067210532800171,0.0365540407034181,0.0201423306646332,0.1293375394321761,1.5738,6181.585970263058
ROP,0,0.0169797052599499,-0.0006281094646766,504501.45,0.5521149395475154,-0.0152781888132583,0.0250197227544236,0.0,2.6619,2316.6610315939743
PKI,0,0.0148190207379527,-0.0012797586940977,768211.15,0.4591656174480222,-0.0273427471116817,0.0232281905767454,0.4261363636363624,0.7576999999999999,14706.163389204172
ICE,0,0.0115787628539333,-0.0022335866530436,2611770.65,0.4286047739228043,-0.0449696151249155,0.0329468325791854,0.2103004291845473,0.7071999999999999,62485.03959276018
ETR,0,0.0118781652270196,-0.0047324625947213,1454278.3,0.2579600031573125,-0.0917373939091363,0.0254225642435068,0.0864864864864849,0.7277,24184.78768723375
LLL,0,0.0190364665533431,0.0008279628192677,798685.6,0.3720689306962677,0.0131713742133762,0.0420097260339929,0.739828080229225,2.0769,4911.33420000963
AAPL,-1,0.0176583550064004,-0.0042746260858459,42138739.05,0.4177858811089173,-0.0848390982619171,0.0271499310517738,0.1088537458155353,1.5954,323483.6404663408
JWN,0,0.0226801573239974,0.0016965683855227,1997837.85,0.4812720519137005,0.0294424723324284,0.0334685598377281,0.4848484848484835,0.493,45057.42393509128
ALL,0,0.0137179337826035,-0.0019654818110267,2718247.7,0.4141626679842995,-0.0403209827620367,0.024567977702075,0.4012353460229449,0.9687,32769.144213894906
AYI,0,0.0175629289108853,-0.0030768935621649,982609.1,0.4999676811759008,-0.062551440329218,0.0181670831363544,0.0334572490706332,1.4807,5493.88802593368
XEL,0,0.0104525172929364,-0.0045783032021758,3608764.95,0.2494068262370666,-0.0886456321098948,0.041921808761187,0.5337078651685406,0.4246,93291.23881300048
GT,0,0.0165868683348636,-0.0004917369953523,2880618.8,0.3871257575584269,-0.012393036293892,0.0259934269495071,0.5287356321839063,0.3347,121118.4344188826
GPS,0,0.0257356227956689,0.0012902015596127,4308046.25,0.4094117181589402,0.0196936542669583,0.0370938074800734,0.6446280991735531,0.3262,122281.330472103
CTXS,0,0.0116703527228545,-0.0019409207568027,1650527.05,0.3805683836008382,-0.0393683517929597,0.0218036529680364,0.0942408376963313,0.8759999999999999,25844.372146118723
NRG,0,0.0162615685491596,-0.0060748564664626,6401709.2,0.3884748496793858,-0.1169916434540389,0.0678233438485804,0.0232558139534878,0.2536,477750.5520504732
NWL,-1,0.0573883892296184,-0.0022680781408247,14227138.3,1.160926840748254,-0.0767784393607019,0.0543109300746775,0.5562499999999999,0.2946,560321.2152070604
OMC,0,0.0152911111694856,0.0023519389612438,2414623.05,0.2437769179558738,0.0457824639289677,0.0354205359511807,0.6516853932584247,0.7537999999999999,28436.9992040329
PGR,0,0.0151664188770816,-0.0024152157497648,4414917.95,0.3867164606939959,-0.0493145807370483,0.0290262172284645,0.548387096774193,0.534,81169.66292134831
CMI,0,0.014949339823379,-0.0024902220642638,1493450.55,0.4214153135883215,-0.0506704770279182,0.0411311798078035,0.0246305418719228,1.7274,14716.956119022809
TGT,0,0.021377834055611,0.0031071081874652,7660209.5,0.3639855824584026,0.059444605148973,0.0246416382252558,0.5041551246537398,0.7325,89035.795221843
CHD,0,0.0136592457410429,-0.0029956791542847,2557814.6,0.5087406410970351,-0.0599325262948998,0.0314545070719865,0.0134228187919436,0.4736999999999999,91932.86890436984
CMA,0,0.0151984451482842,0.0018579363259383,1646501.5,0.282403752407849,0.0355206373796613,0.0324855738405641,0.490131578947368,0.9358,20429.472109425093
MPC,0,0.0160389983242659,-0.0027892485651594,4191097.75,0.2998811224348246,-0.0566666666666666,0.0414810262713166,0.0555555555555576,0.6509,77815.37870640651
EVHC,0,0.0161092739066307,-1.9941881835650045e-05,2058781.75,0.3369340500705114,-0.0028636884306987,0.0249856404365306,0.2413793103448293,0.3482,42600.02871912694
RMD,-1,0.0368659675528004,0.0031468492746153,1013873.45,0.9296561636949648,0.0521590909090909,0.0255967167080678,0.0126582278481017,0.9259,9136.353817906902
WFC,-1,0.0231812280136007,-0.003665955150772,26846976.95,0.8929442340949492,-0.0758111146803726,0.0237226277372263,0.5787545787545773,0.5754,791639.7984011123
DISH,0,0.0232354291504053,-0.0034405476647375,2632513.6,0.526186669845879,-0.071443277743463,0.0354767184035475,0.631250000000001,0.451,106647.56097560975
MTB,0,0.0174352743757971,0.002945621547542,709734.85,0.4084724816750552,0.0575152935795552,0.0206519976212358,0.3769633507853404,1.8497,2770.8979834567767
HLT,0,0.0149604939395633,0.0001623443828974,2112794.45,0.4401831629552166,0.001098498718418,0.0334064862228724,0.5401459854014571,0.8201999999999999,42998.42721287491
ALXN,0,0.0179743115084288,-0.001790279538232,1854772.35,0.3793640657547533,-0.0381773399014777,0.0472044387537345,0.6437613019891504,1.1715,23011.74562526675
PFG,0,0.0227695888734192,-0.0063433475659823,1567688.9,0.4204401383028308,-0.1240235713306838,0.0256570713391738,0.0426829268292686,0.6392,25506.66458072591
AIG,0,0.0142947188727721,-3.466456948429397e-05,6858576.6,0.371002578833277,-0.0026389576117434,0.0267901438729948,0.4876543209876545,0.6047,127662.75839259136
STX,0,0.0240707663927574,0.0035764622532001,5830838.5,0.327639610804772,0.0681181289070919,0.0367305751765893,0.4175824175824164,0.4955,121952.10898082746
A,0,0.0138626162866076,-0.0025577216877884,2031356.05,0.3261347259438429,-0.0516929079002367,0.0173376432559505,0.1313559322033916,0.6806,29215.265941816044
DRE,0,0.0157219020624981,-0.0015470051481624,3043531.25,0.3736240716554316,-0.0327868852459016,0.0240441466298777,0.1147540983606563,0.2537,117793.41742215214
RL,0,0.0190355739137181,0.0014477006253206,1272256.55,0.4537087463796326,0.0258119820935327,0.0209842154131848,0.3982300884955768,1.077,10315.116063138346
BIIB,0,0.0186349516629722,-0.001261457091482,1346479.25,0.2392386072860939,-0.0281543584254965,0.0224540365260484,0.0871934604904616,3.2689,3784.930710636606
SLB,0,0.0185145561910137,-0.0033937448743721,9884628.7,0.2048288708479825,-0.0687583444592791,0.0417204301075268,0.0446735395188988,0.6975,105304.1577060932
ARE,0,0.0146258455497344,-0.0028947960623186,791601.6,0.3784914898120923,-0.058264724509183,0.0263954270342972,0.3789808917197444,1.1896,8099.2602555480835
GWW,-1,0.0473773914135512,0.0055364435372588,1465095.55,0.7379199633868684,0.0952421088120021,0.0225095232598405,0.5521367521367487,2.5989,3995.625072145908
NVDA,-1,0.0285645064848799,0.0019191265877373,14956140.3,0.3619378687462014,0.030909254753537,0.0361451048951049,0.2539298669891197,2.2880000000000003,87733.02447552446
ORLY,0,0.0178394398394375,-0.0016359363322701,988031.6,0.3516934087666311,-0.0351374110081909,0.031299587432561,0.1989860583016507,2.5208,6883.314820691843
NSC,0,0.0162033504551912,-0.0035551342107325,2012644.05,0.2671268517756356,-0.0710937499999999,0.0215797589010371,0.4251380318285178,1.4268,10264.507989907484
TSS,0,0.0141377683155804,0.0029176627380232,1523619.05,0.389691755143455,0.0579997521378114,0.0213189645074382,0.2692307692307731,0.8537,17632.259575963453
NBL,0,0.0245809068329335,-0.0068758330017393,4786110.0,0.3125526715201364,-0.1339942436840422,0.0576070901033973,0.0064102564102551,0.2708,228937.6661742984
KIM,0,0.0127157334141571,-0.0084134796698717,6480608.95,0.571941410183701,-0.1567944250871079,0.0296556473829201,0.0232234091964695,0.1452,384946.76308539946
FFIV,0,0.0216644106898722,0.0014996468873212,1005695.95,0.4371979963113041,0.0257544979686591,0.0246127731805645,0.6925287356321793,1.4139,6599.9504915482
MOS,0,0.0255582230039627,-0.0013602322862418,5307640.45,0.2176797215560626,-0.0329375718115664,0.0304950495049504,0.4285714285714266,0.2525,177207.40594059406
IFF,0,0.0127323914952187,-0.0038098247670777,412874.05,0.2929199415403418,-0.0749384156618696,0.0241065171688859,0.3720930232558114,1.4269999999999998,2468.7806587245973
HAS,-1,0.0265136342983183,0.0045563320298723,2035844.1,0.6852502112477009,0.0881413668298914,0.1104480532185483,0.8963684676705048,1.0222,71126.66797104284
HRB,0,0.0186800817985881,-0.0011751678208908,3099147.6,0.3370023943009253,-0.0264750378214827,0.0353535353535353,0.8131868131868113,0.2573999999999999,146251.20435120436
AME,0,0.0139076343385779,0.0002010055243401,1296414.2,0.4655255598381437,0.0021621621621621,0.0121359223300971,0.0666666666666687,0.7415999999999999,21158.131067961167
UNH,0,0.01940658014307,0.0001686587934604,4643764.8,0.4830816975059443,-0.0002656277669559,0.0344522185811708,0.5539845758354758,2.2582,24750.482685324598
ETFC,0,0.0186138906486145,-0.0007190891060416,2745635.25,0.421883737254933,-0.0175338288545836,0.023666343355965,0.1065573770491767,0.5155,51326.59553831232
ABT,0,0.0165027654150892,-8.271797305161587e-05,8466744.8,0.3848147625813869,-0.0042430414120841,0.0230100562468041,0.125925925925927,0.5867,117141.00903357763
LMT,0,0.0167444973286308,0.0023444514039488,1731336.8,0.3342567717629815,0.0451423557532299,0.0362446805430911,0.6078274760383406,3.4543,5943.065165156471
HD,0,0.0200420359719156,-0.0002780522695461,5305837.15,0.4282043653224188,-0.0093733816675297,0.0250666527262271,0.3274244004171006,1.9129,31454.05928171886
MAA,0,0.0156242849274334,-0.003747800060572,810894.25,0.2859995748568943,-0.0745184717398168,0.0267258046173093,0.0340425531914945,0.8793000000000001,9619.60650517457
EOG,0,0.0157199682845773,-0.0026056556071352,3172406.1,0.3324116810589655,-0.053083877898129,0.0373416524862922,0.0050632911392395,1.0578,44110.69200226886
CNP,0,0.0121486655962093,-0.002513412787725,4345103.85,0.2066454003289412,-0.0504322766570605,0.0223823975720789,0.1864406779661007,0.2636,193386.30500758725
PEG,0,0.0131537271929186,-0.0018986699494489,3519615.65,0.2648409887213899,-0.0388877694942575,0.0197064989517819,0.1702127659574511,0.477,69181.69811320755
PBCT,0,0.0119274662384526,0.0004072567383257,3478679.2,0.4290556645159821,0.0068169900367068,0.021875,0.5476190476190465,0.192,184269.1666666667
HBI,0,0.0212025286319204,0.000737454465133,6642023.95,0.3780509555700504,0.0105844454670962,0.0507741347905281,0.3856502242152469,0.2196,606852.2313296903
HCA,0,0.0210582504680195,0.0069669292947593,2661796.65,0.477475882663967,0.1441860465116279,0.0233739837398373,0.1739130434782635,0.984,19259.35975609756
COO,0,0.0142816221148664,-0.0007152135225698,493336.85,0.3755370816891953,-0.0161366061899679,0.0269449386037227,0.5507246376811592,2.3047,1705.4974617086823
AAP,0,0.0191235305620509,-7.934125202957443e-05,1307226.15,0.266107946869408,-0.0050683319757443,0.0425716364959518,0.0064103933844742,1.0993000000000002,19681.11525516237
ADBE,0,0.0156877295085521,0.0016057750111497,2914108.7,0.3173205661940958,0.0302088912694162,0.0219403140272434,0.0758293838862543,1.9234,15535.114900696684
KR,0,0.016438621210332,0.0021249387128005,10364907.35,0.2579991852192038,0.0406913935902052,0.0216262975778546,0.1039999999999963,0.289,261261.5224913495
MO,0,0.0152651099488867,-0.0019244281637137,8697830.15,0.3610460859760112,-0.039959752766997,0.0290462644108399,0.2680412371134076,0.6679,125062.65908070069
FAST,0,0.0217711711209654,-0.0017232759712111,3747812.8,0.431385064592971,-0.0382947976878612,0.0231029301277235,0.4227642276422776,0.5324,51362.80991735537
ANTM,0,0.0205533058344771,0.0010025193838592,1845228.75,0.509278423198947,0.0161084121708003,0.0334255997315886,0.7189460476787943,2.3844,9697.747861097132
VMC,0,0.0180065176058041,-0.0020909340906656,1490253.7,0.2937617920990694,-0.0439838974206051,0.0439761384903306,0.4628069864349702,1.2824,12102.939800374295
KHC,0,0.0121587425510578,-0.0032565641465483,4388329.9,0.3134465598838516,-0.0644874077842789,0.0161794697484704,0.0252100840336144,0.7354999999999999,91824.45955132564
AZO,-1,0.0132236415928654,-0.002756195857338,374259.4,0.2823062380235536,-0.055282443738245,0.0375241991954197,0.0706183680936721,7.2833,565.9440088970658
V,0,0.0162175952850184,0.0003524719634102,8941462.95,0.4110935527278949,0.0045336243808245,0.0271625574592561,0.135384615384619,1.1965,77676.52319264521
IDXX,0,0.0180251850021811,0.0034016391583522,637820.1,0.4158433037595224,0.0669764074096423,0.026692303342193,0.2372881355932213,1.7683000000000002,3854.238534185376
CHK,-1,0.0326684371566567,-0.0162140458592875,39247516.7,0.3541804469613957,-0.2864197530864197,0.124567474048443,0.2500000000000006,0.0289,24627986.159169547
GS,0,0.020610466994334,0.0008219030056234,4565504.7,0.3274489223479517,0.0124438843821376,0.0244651886425515,0.2289348171701157,2.571,16044.484636328276
HOLX,0,0.0113214124330669,-0.004383678369168,2821581.8,0.2833654477245882,-0.085255540479421,0.0158220024721878,0.4843750000000031,0.4045,65703.60939431396
ADP,0,0.0152878326047611,-0.0021244874237435,2074227.55,0.3449781400029557,-0.0437857864600875,0.0351356111306798,0.4686716791979951,1.1356,23123.423740753788
CL,0,0.0157468801017371,-0.0036261492269407,4908519.55,0.5129898429946812,-0.072316234796404,0.0145361265498077,0.1470588235294158,0.7017,62892.31865469574
PCAR,0,0.0188858557323472,-0.0040996997574752,2602786.05,0.3915368636287244,-0.0820526526794066,0.0294074828941621,0.0247524752475233,0.6869,43681.613044111225
AGN,0,0.0192135538342214,-0.0013427917340624,3196955.0,0.4782512267184244,-0.0299459151722175,0.034685134104114,0.5617597292724188,1.7039,21847.87839661952
CDNS,0,0.0209612556560616,-0.0075442270625258,2435793.4,0.5936723365939257,-0.1442201020634568,0.0545760954109412,0.4560570071258902,0.3857,71698.75550946331
JBHT,0,0.0134155456895714,-0.00090393683502,1179510.45,0.3536811028011623,-0.0196159920206134,0.0282323018228062,0.6366366366366383,1.1795,11493.60746078847
FLS,0,0.0210355254715859,-0.0018477625910952,1478206.9,0.3171718640324072,-0.0404157043879907,0.0214199759326113,0.022471910112355,0.4155,43832.12996389892
NOC,0,0.0184718194309171,0.0043815471532829,1085460.55,0.4104251433406746,0.0878572118947132,0.0477699460996268,0.7222566646001263,3.3766000000000003,6218.951015814724
SWKS,0,0.0348724208694401,0.0008920088629063,3299271.45,0.4847451844965349,0.0066547477155342,0.029995066600888,0.0,1.0134999999999998,36553.43857918106
CVX,0,0.0224888683420668,-0.0049099586365313,8360978.35,0.4525980427147868,-0.0981695869837296,0.035042067828953,0.0148514851485154,1.1529,100058.14901552604
SJM,0,0.0174247281030015,-0.002673288425763,1196662.65,0.7261804344138363,-0.0548939190787917,0.0180255361762496,0.3703703703703696,1.1983,11194.992906617708
MHK,0,0.0131638349042655,-0.0021307437857421,672692.1,0.3311830797362719,-0.0433539440294506,0.0181573638197714,0.3292181069958885,2.6766,2834.525143839199
GPN,0,0.0137360993852285,0.000805851095958,962861.3,0.259247395831537,0.014407022230703,0.0247366440933031,0.3384030418250904,1.0632,7243.1245297215955
HRL,0,0.0139041514701008,-0.0051915738940745,2849690.45,0.4192960356117056,-0.1005494505494504,0.0276420281001832,0.1546961325966855,0.3274,100939.27916921196
DXC,0,0.0093330701140496,-0.0027620741048619,1519690.7,0.2283782928994834,-0.0546098592935156,0.0221690258118235,0.2910798122065736,0.9608,16062.416736053288
CA,0,0.0136786445465632,0.0004440034702018,2827975.0,0.3492332581513879,0.0071090047393365,0.0279411764705881,0.5789473684210522,0.34,121663.64705882352
XL,-1,0.0299862224425599,0.0107107705028233,4364732.55,1.0655952316970747,0.2277111955568546,0.1195238095238096,0.9223107569721116,0.42,526231.3333333334
ETN,0,0.0184347158729394,-5.860198635194158e-05,3063523.35,0.4781075554021329,-0.004391314954867,0.0341827983337416,0.0107526881720434,0.8162,47892.6243567753
LLY,0,0.0188499441357188,-0.0055555028815135,5886995.4,0.4037137756940836,-0.1085289333023472,0.0241136600625652,0.0054054054054081,0.7672,107407.83368091764
PM,0,0.0185252488182577,-0.0027821803696721,5720742.05,0.3721573151826486,-0.0572981218419296,0.0314522653721682,0.1221864951768474,0.9888,59838.572006472496
TJX,0,0.0130109880996859,0.0005424438602292,4165951.55,0.2724984119833183,0.0092715231788079,0.0182414698162729,0.3093525179856163,0.762,78899.35695538057
HIG,0,0.0138999085373554,0.0008960802039273,2517753.25,0.3061028272076998,0.0161906494451519,0.0320443967060508,0.6033519553072619,0.5586,43180.95238095238
INTU,0,0.0131990755409547,-0.0010078293175476,1187673.15,0.3349221658935727,-0.021595389748256,0.038223076446153,0.3487429034874288,1.6129,10375.937751875505
MAC,0,0.0221444588955176,-0.0024723950238462,2310807.85,0.601413516809399,-0.0527226943657538,0.0402060142880877,0.3429752066115693,0.6019,31981.17627512876
EMR,0,0.0126201062020952,-0.0022996971352245,3618317.7,0.334690499956538,-0.0464601769911504,0.0259425754060325,0.128004471771939,0.6896,58667.24187935035
XRX,-1,0.0232541811125301,0.0018698133469365,3492161.5,1.085307052717071,0.0327923153362039,0.0216484926234766,0.666666666666665,0.3118,95686.4656831302
STZ,0,0.0113145174371292,-0.0017555214664517,1987359.9,0.3937583758754082,-0.0357078530259366,0.0160635068876955,0.0290697674418588,2.1415,8366.775624562222
DAL,0,0.0241761808178224,-1.6412740993754228e-05,10690848.3,0.5067134999541167,-0.0059073287797674,0.0306406685236769,0.6363636363636368,0.5385,167046.165273909
NFX,0,0.0214153410234976,-0.0092622176586364,2770652.5,0.2999215432009018,-0.1735225955967555,0.0515247108307044,0.0476190476190478,0.2853,133199.15878023134
USB,0,0.0117026236095622,-0.0008197700244679,7969621.75,0.3867433548017499,-0.0175690211545357,0.0233576642335766,0.3124999999999986,0.5479999999999999,200826.35036496352
CSX,0,0.0195550524485742,-0.0054112637567554,7329245.15,0.2950430932671622,-0.1061424232197097,0.0268076269586558,0.021126760563381,0.5297,122639.58844629036
ALB,0,0.0233162169450818,-0.0116244927314192,2719252.65,0.6131735867756102,-0.2127141169521559,0.0273844133921035,0.0239726027397236,1.0663,15645.249929663323
F,-1,0.0254405380939713,-0.0094025095298359,68232645.3,0.4339986031778669,-0.1773700305810397,0.0315985130111524,0.1764705882352956,0.1076,6323586.152416357
AMGN,0,0.0209665557797174,-0.0014229016790662,4130869.55,0.375566242996574,-0.0322281601047006,0.0281174282977405,0.2945891783567126,1.7747,32206.406716628164
ZTS,0,0.0142811202916076,-0.0007409229607853,3055024.15,0.3218757247049789,-0.0166422580215683,0.0312753858651503,0.5064935064935068,0.7386,61398.75440021663
