date,open,high,low,close,volume,Name,price_change,intraday_range,open_close_change,volume_ma20,volume_std20,volume_z,volume_ratio,return_ma20,return_std20,return_z,momentum_3,momentum_5,if_anomaly,lof_anomaly,svm_anomaly,z_anomaly,anomaly_votes,consensus_anomaly
2013-04-24,56.2199,59.3214,56.0714,57.9231,242387530,AAPL,-0.0016443031102149064,0.05780871186181405,0.030295322474781977,115314578.4,51738884.37298716,2.456043518138646,2.1019677942125656,-0.006231477561318016,0.019389079996504483,0.23658546212249879,0.03823631159044916,0.006608993653419715,True,True,True,True,4,True
2013-08-13,67.2771,70.6656,66.8642,69.9385,219634975,AAPL,0.04752297590375876,0.0565036245617008,0.03955878003064936,79459041.55,39754467.468829125,3.526042288452482,2.764128168621234,0.006648725821044471,0.018719977454823303,2.183456159675172,0.0619510010097406,0.05227325387200921,True,False,True,True,3,True
2013-09-11,66.7157,67.6699,66.4014,66.8156,224250866,AAPL,-0.05444448847201078,0.019013515559306176,0.0014973986632832333,101197346.25,46915942.50440005,2.622850851572668,2.215975757368242,-0.0021328416793346128,0.017517496355148616,-2.9862513302194067,-0.061238482483821355,-0.06212530617687717,True,True,True,True,4,True
2013-09-23,70.8714,70.9871,68.9428,70.0914,190021706,AAPL,0.049699877794550984,0.028845204130297876,-0.011005850032594265,109822125.0,47407985.48946526,1.691689283397657,1.7302679765120188,-0.0007952429201768474,0.022921271333973117,2.2029808023731086,0.055866881180064665,0.0900209633173048,True,True,True,False,3,True
2014-01-28,72.6799,73.5714,71.7242,72.3571,266833581,AAPL,-0.07992721520596913,0.02541555505717538,-0.004441393012373446,95544181.6,45948090.961098336,3.7278893598652685,2.792776875907638,-0.004773817843479733,0.022201058581453142,-3.3851267536077247,-0.08932315724027173,-0.0775308043881513,True,False,True,True,3,True
2014-04-24,81.1728,81.4285,80.1042,81.1099,189978082,AAPL,0.08198179931220495,0.01631457828238023,-0.0007748901109731224,64653878.1,32476888.678881526,3.8588734635006317,2.9383864910030817,0.0027240549486179768,0.020581638564401556,3.850895744553248,0.06890357847904749,0.09394800941948245,True,False,True,True,3,True
2014-04-28,81.8285,85.1071,81.7928,84.8699,167371680,AAPL,0.03872806759879377,0.040503003232370174,0.03716797937149032,72618465.85,39809804.084637865,2.380147713074633,2.3048088119311325,0.005298433779942746,0.021968266968946788,1.5217237602813838,0.13213907438483963,0.11845458834444278,True,False,True,True,3,True
2014-09-03,103.1,103.2,98.58,98.94,125420521,AAPL,-0.04220716360116161,0.04481086323957328,-0.04034917555771093,48580590.05,21238510.94261621,3.6179528384834443,2.581700240176478,0.0020411630080854224,0.012075037252239256,-3.6644463851274165,-0.03237163814180932,-0.019318260662708475,True,False,True,True,3,True
2014-09-09,99.08,103.08,96.14,97.99,189846255,AAPL,-0.003761691744611717,0.07004440855874039,-0.011001211142511137,59413524.8,37952955.53641784,3.436694938681205,3.195337351875141,0.0011032015493939729,0.012172331834725554,-0.3996681457637387,-0.0013249082755810715,-0.051403678606001924,True,True,True,True,4,True
2014-12-01,118.81,119.25,111.27,115.07,83814037,AAPL,-0.03245606659379474,0.06716606346267152,-0.03147883174816942,45214288.3,14254299.924572386,2.7079371771502805,1.8537068734530984,0.00324285798402939,0.011868167885368945,-3.0079558127782886,-0.021513605442176842,-0.012020262728599684,True,False,True,True,3,True
2015-01-28,117.625,118.12,115.31,115.31,146477063,AAPL,0.056532893531244355,0.023889479277364525,-0.019681190223166823,60418327.4,24732718.997129146,3.4795501299306912,2.4243812979172277,0.0008685735303675002,0.023395192752705005,2.379305893705057,0.020623119136130352,0.0525787311729804,True,False,True,True,3,True
2015-04-28,134.455,134.54,129.57,130.56,118923970,AAPL,-0.01575574820957404,0.036964040013387364,-0.028968799970250342,44582227.9,22945547.14101791,3.2399202182067492,2.6675196732373263,0.001689676711007565,0.011008967703149167,-1.58465583613178,0.006863576771805491,0.028760538964620608,True,False,True,True,3,True
2015-08-24,94.87,108.8,92.0,103.12,162206292,AAPL,-0.024962178517397904,0.17708443132707913,0.0869611046695478,68002214.7,37757590.54626643,2.49497057246189,2.385308959650692,-0.008434450034707469,0.02267051660087032,-0.7290406642985778,-0.10338231458134073,-0.11983612154318879,True,True,True,True,4,True
2015-08-25,111.11,111.11,103.5,103.74,103601599,AAPL,0.006012412723040983,0.06849068490684906,-0.0663306633066331,71501389.8,37646025.38484611,0.8526852136938073,1.44894524833418,-0.00838226142592367,0.022704171503363412,0.6340101045674454,-0.07909454061251675,-0.1095278969957082,True,True,True,True,4,True
2015-08-26,107.085,109.89,105.05,109.69,96774611,AAPL,0.05735492577597845,0.045197740112994385,0.024326469626931916,74489537.7,37132660.135546766,0.6001475040746325,1.2991705142506207,-0.005356466831078388,0.027052693092303255,2.3181201366195525,0.03715960665658091,-0.04625684723067569,True,True,True,True,4,True
2015-08-27,112.25,113.24,110.02,112.92,84616056,AAPL,0.029446622299206915,0.0286859688195991,0.005968819599109146,77038927.1,35909806.46830106,0.2110044482330648,1.0983545486058568,-0.003632082703678008,0.02815072345214382,1.1750570126241573,0.09503491078355308,0.002396804260985208,False,True,True,True,3,True
2016-01-27,96.04,96.6289,93.34,93.42,133369674,AAPL,-0.06570657065706564,0.03424510620574758,-0.027280299875052108,62440504.7,22495235.29571166,3.153075234270675,2.135948045916419,-0.006360352292395327,0.025822693479852943,-2.2982195258202895,-0.0788799053441136,-0.034817646451079654,True,False,True,True,3,True
2016-04-27,96.0,98.71,95.68,97.82,114602142,AAPL,-0.06257786296118828,0.03156249999999986,0.01895833333333326,37374895.2,20781584.309289005,3.716138560498526,3.0662866447315147,-0.0055035935303367365,0.017395202850068847,-3.28103500274075,-0.07437547312641946,-0.08690376178474757,True,False,True,True,3,True
2016-07-27,104.265,104.35,102.75,102.95,92344820,AAPL,0.0649632771283748,0.015345513834939763,-0.01261209418309114,34527172.4,15678713.826348197,3.6876524592748807,2.6745549542886984,0.004900193606062869,0.016331086835210694,3.6778374965720415,0.043482667747820836,0.029911964785914513,True,False,True,True,3,True
2016-09-08,107.25,107.27,105.24,105.52,53002026,AAPL,-0.026208933185677408,0.018927738927738937,-0.016130536130536166,27868461.8,7644796.6469863495,3.287669425439575,1.9018640634123551,-0.0011300162213255694,0.00802605616577804,-3.1246874487727565,-0.020514248584424077,-0.005466540999057523,True,False,True,True,3,True
2016-09-14,108.73,113.03,108.6,111.77,112340318,AAPL,0.035386753126447346,0.04074312517244557,0.027959164903890298,35896395.05,21352664.95759056,3.5800647414188598,3.1295710291666183,0.0011784423900838338,0.01433489019016634,2.3863671282135273,0.08377775623000105,0.03146917681801398,True,False,True,True,3,True
2017-02-01,127.03,130.49,127.01,128.75,111985040,AAPL,0.06098063452822422,0.027395103518853846,0.013540108635755324,32326716.75,19870096.35450554,4.008955056321984,3.464163740043288,0.005254351197366752,0.014125108994081814,3.9451931559753524,0.05576055760557597,0.056366918280275735,True,False,True,True,3,True
2017-08-01,157.06,158.92,156.6701,158.59,21194042,AAPL,0.06629462784912277,0.014325098688399316,0.009741500063669943,21446401.25,3860353.8764608684,-0.06537205087305631,0.9882330258089338,0.005135412581223386,0.016381635671826465,3.7334010164249034,0.05333421891604684,0.03830037973026057,False,True,True,True,3,True
2017-08-02,159.28,159.75,156.16,157.14,69936800,AAPL,-0.00914307333375386,0.022538925163234576,-0.013435459568056345,23864763.4,11510815.058257665,4.002499941735116,2.9305465479703856,0.004472684001643701,0.01669043901299472,-0.8157818571936125,0.05110367892976586,0.02398019027759668,True,True,True,True,4,True
2018-02-06,154.83,163.72,154.0,163.03,68243838,AAPL,0.04179180778324487,0.06277853129238518,0.05296131240715616,40637509.9,18029960.895965338,1.5311363268778702,1.6793311934696078,-0.0032100065258187207,0.01720717010153407,2.6152943246055056,-0.028310883299558998,-0.02359705336287954,True,True,True,True,4,True
2013-04-26,269.97,272.02,252.81,254.81,14029220,AMZN,-0.07240626137604655,0.0711560543764121,-0.05615438752453985,3272086.8,2681068.8978461283,4.0122554137425865,4.287545183703562,-0.0019850343912842404,0.022804001083160566,-3.0881083862412333,-0.05239866121234649,-0.02116625691456664,True,True,True,True,4,True
2013-07-26,299.55,313.62,295.55,312.01,8817434,AMZN,0.02837837837837842,0.0603238190619262,0.041595726923718844,3127485.65,1649637.223119273,3.4492119056582426,2.8193363573067076,0.005935512589689362,0.011899034639399564,1.8861081145505048,0.03637148741114715,0.02221275759263497,True,False,True,True,3,True
2013-10-25,358.6,368.4,352.62,363.39,12043903,AMZN,0.09385629571656495,0.04400446179587276,0.013357501394311107,3308586.25,2371325.9397361143,3.683726730106146,3.6401961714010023,0.007402957227365814,0.029252798738425744,2.9553869105740027,0.09277079449088821,0.10476057288610674,True,False,True,True,3,True
2014-01-30,393.77,406.25,387.7,403.01,10900116,AMZN,0.0489588755856325,0.047108718287325116,0.02346547476953554,3269979.6,1948203.6594332769,3.9164983409483844,3.333389602797522,0.0006755748074684265,0.017793301847741704,2.7135661043311146,0.04331055193124156,0.007852552079425701,True,False,True,True,3,True
2014-01-31,371.76,375.45,357.76,358.69,16181519,AMZN,-0.10997245725912508,0.047584463094469544,-0.035157090596083476,3972043.25,3461731.6686709826,3.5269850232751936,4.073852670159118,-0.004720237052202892,0.0304947439877877,-3.451487254625675,-0.09061176888167732,-0.07458720330237367,True,True,True,True,4,True
2014-02-03,358.98,360.85,340.1,346.15,10290934,AMZN,-0.03496055089352934,0.05780266310100841,-0.03574015265474411,4375914.35,3708183.3232418965,1.5951260049432419,2.3517219892569425,-0.006276039052240312,0.03123253878012041,-0.9184175530279591,-0.09903695991671013,-0.10388837112975047,True,False,True,True,3,True
2014-02-04,349.59,353.9975,344.02,347.95,4821177,AMZN,0.005200057778419698,0.028540576103435515,-0.004691209702794664,4458362.85,3698329.921497376,0.09810215900184063,1.0813783359961382,-0.005661631965962854,0.031336416980705904,0.34661556077295586,-0.13662192005161167,-0.11784093502015569,False,True,True,True,3,True
2014-02-06,347.403,354.82,347.403,354.59,3340542,AMZN,0.02349545388945007,0.021349844417002654,0.02068778910947791,4635661.1,3623392.296027739,-0.3574327575349254,0.720618252270426,-0.005749964606670427,0.031612329345049296,0.9251269710911234,0.024382493138812578,-0.12014590208679687,False,True,True,True,3,True
2014-04-04,335.15,335.44,315.61,323.0,12534578,AMZN,-0.03183262394340869,0.05916753692376543,-0.03625242428763234,4386680.45,2398140.547605355,3.3975896692693937,2.8574176174606016,-0.006943661092692577,0.01455336732267576,-1.7101858490121629,-0.05828158255342719,-0.04519790712110916,True,False,True,True,3,True
2014-04-10,330.6,331.0,316.5,317.11,6133376,AMZN,-0.04428806075857805,0.043859649122807015,-0.04080459770114945,4959202.15,2269524.6552560064,0.5173655405244103,1.236766684334495,-0.007708151221056875,0.019228184107691924,-1.9024110302172514,-0.0020455689828801082,-0.049487440800911164,True,False,True,True,3,True
2014-04-25,316.25,316.49,302.71,303.83,16186737,AMZN,-0.09882841465223191,0.04357312252964436,-0.03927272727272732,6075653.75,3289140.6750339135,3.074080511894113,2.664196754135306,-0.004924782470938388,0.03055472288997445,-3.073293530412118,-0.07740191910603667,-0.06487950509371843,True,True,True,True,4,True
2014-04-28,304.0,304.39,288.0,296.58,14479803,AMZN,-0.023862028107823452,0.053914473684210484,-0.024407894736842156,6600304.8,3743848.612029394,2.1046519281474985,2.193808231401677,-0.00609129363199476,0.03082235755631576,-0.5765533815302626,-0.08626532750015403,-0.10363586907244549,True,False,True,True,3,True
2014-06-05,308.1,327.94,306.9,323.57,7803760,AMZN,0.054729773779255586,0.06828951639078228,0.05021097046413492,3528252.3,1292854.5163288906,3.307029248844229,2.211791940162556,0.005176926340789761,0.018085389602488358,2.739938067557465,0.04769459914518848,0.031200203964561135,True,False,True,True,3,True
2014-07-25,317.3,324.87,314.76,324.01,17855141,AMZN,-0.09648364518557773,0.03186259060825721,0.021147179325559342,4329795.3,3584389.393941342,3.773403002157566,4.123784096675425,0.00014853254678141582,0.028801018176875547,-3.355165332659854,-0.10206739829287215,-0.09660960240896677,True,True,True,True,4,True
2014-07-29,321.98,322.8999,319.5,320.0,2885644,AMZN,-0.0012796104990481227,0.010559351512516312,-0.00614945027641474,4516187.9,3566487.382315768,-0.4571848222665704,0.6389556997838818,-0.00033139423713342,0.028902341327196917,-0.03280759337730322,-0.1076657092663339,-0.11318035694490625,False,True,True,True,3,True
2014-07-31,320.01,320.6836,311.86,312.99,5193770,AMZN,-0.029518464543734968,0.027572888347239147,-0.021936814474547615,4681530.75,3529789.8611392835,0.14511890796656898,1.1094170427055297,-0.002655888076820867,0.029122796842845102,-0.9223899961213274,-0.02315782903155339,-0.12721340732271824,False,True,True,True,3,True
2014-10-24,284.4,293.81,284.0,287.06,19805911,AMZN,-0.08340251612491223,0.03449367088607596,0.009353023909986024,4533637.35,3895300.9526941055,3.9206915808231053,4.3686579827563845,-0.005666650550439694,0.022367441496481694,-3.4754026555384114,-0.08965211048742583,-0.05460413647740736,True,True,True,True,4,True
2015-01-21,289.64,306.0,287.26,297.25,10065076,AMZN,0.026983139856274097,0.06470100814804589,0.026273995304516,3491521.55,1790605.683734284,3.6711345829590694,2.882719140026502,-0.0003366219267412318,0.015019120996876762,1.818998714285376,0.03589475518383001,0.008515980185926475,True,False,True,True,3,True
2015-01-30,346.32,359.5,340.74,354.53,23856060,AMZN,0.13711591506831744,0.05416955416955414,0.023706398706398648,5153097.1,4827891.508761432,3.8739401799022897,4.629460601470134,0.0072358070150499495,0.03540343337698241,3.6685737982042506,0.15576202118989402,0.13489548321008993,True,True,True,True,4,True
2015-02-02,350.05,365.0,350.01,364.47,10231914,AMZN,0.02803711956675059,0.04282245393515215,0.04119411512641056,5525287.75,4921985.312638782,0.9562454885662137,1.8518336895666656,0.008932491412913829,0.03555375423499913,0.5373448898690467,0.19926952058175118,0.17700058128269713,True,False,True,True,3,True
2015-02-04,358.38,367.5,358.23,364.75,4169927,AMZN,0.0033007839361847147,0.02586639879457554,0.017774429376639336,5729749.1,4867576.644955604,-0.3204514718050683,0.7277678179660607,0.01113885120905318,0.03418723509199283,-0.2292688265598951,0.028826897582715283,0.20019084597413705,False,True,True,True,3,True
2015-02-05,366.0,378.8,365.9,373.89,7247605,AMZN,0.025058259081562673,0.03524590163934436,0.02155737704918029,5960111.9,4822485.156773075,0.26697709959599225,1.2160182764353802,0.01186177669318651,0.03432781646444509,0.38442533628797426,0.025845748621285525,0.19921098210276478,False,True,True,True,3,True
2015-04-24,439.0,452.65,439.0,445.1,17176904,AMZN,0.14131131567476096,0.031093394077448697,0.013895216400911214,3725035.95,3490364.139916191,3.8540013336038346,4.611204893203782,0.010133779044262997,0.033291305220504164,3.9402941927823707,0.13783935784038048,0.18516348918947712,True,True,True,True,4,True
2015-04-27,443.86,446.99,437.41,438.56,5430949,AMZN,-0.014693327342170326,0.021583382147523957,-0.011940702023160481,3866094.7,3499914.085058722,0.44711220389106904,1.40476357188043,0.008962199651429697,0.033752110917605625,-0.7008606676882225,0.1250897896357106,0.12592744730558914,True,False,True,True,3,True
2015-04-28,438.51,439.0,428.04,429.31,4140483,AMZN,-0.021091754834002163,0.02499372876331208,-0.020980137283072197,3982072.2,3466851.752504001,0.04569298352188972,1.0397809964369806,0.007363840320783138,0.03440729689174279,-0.8270221065117789,0.10082309802815459,0.09747430850247962,False,True,True,True,3,True
2015-07-24,578.99,580.57,529.35,529.42,21909381,AMZN,0.09797171180886788,0.0884643948945578,-0.08561460474274175,4337956.9,4479139.093079441,3.922946739285008,5.050622102769163,0.009567136549187083,0.025047640837598764,3.529457158575093,0.08487704918032768,0.09608496718494441,True,True,True,True,4,True
2015-08-24,463.58,489.76,451.0,463.37,10097601,AMZN,-0.06289562561935003,0.08361016437292375,-0.00045299624660248404,3740429.95,1875666.8229366038,3.3892858647715536,2.6995829717383155,-0.006650996986912705,0.018980968191272513,-2.9632117848603063,-0.13050739322975302,-0.13424386233698293,True,True,True,True,4,True
2015-08-25,487.49,489.44,466.25,466.37,5679329,AMZN,0.0064743077885922595,0.04757020656833986,-0.04332396561980759,3760741.8,1895235.296101766,1.0123213745260369,1.5101619047603854,-0.005821081111982257,0.01918291800009595,0.6409550882985069,-0.09579665748962729,-0.12831296026316774,True,True,True,True,4,True
2015-08-26,484.02,503.72,478.76,500.77,6358639,AMZN,0.07376117674807547,0.05156811701995793,0.034606008016197676,3891042.05,1982235.0589085142,1.2448558706043382,1.634173806988285,-0.0024153255652653305,0.026118716224978883,2.916548487957026,0.012740914514530521,-0.06032800420325746,True,True,True,True,4,True
2015-08-27,514.03,522.69,507.261,518.37,6114506,AMZN,0.03514587535195801,0.03001575783514587,0.008443086979359244,4009614.1,2042915.4715665504,1.0303372456159063,1.524961217589493,-0.001391491154945307,0.027202513341080096,1.3431614222104293,0.11869564279085831,0.0050215208034434244,False,True,True,True,3,True
2015-10-23,617.68,619.45,595.36,599.03,10692667,AMZN,0.062279441754889975,0.03900077710141179,-0.030193627768423745,4566607.4,1794088.0980140637,3.414581260965468,2.341490315107885,0.00693698828665959,0.022944431032868067,2.412021173632587,0.06801811439167027,0.049530450627233824,True,False,True,True,3,True
2016-01-13,620.88,620.88,579.16,581.81,7655239,AMZN,-0.05839227046885376,0.06719494910449689,-0.06292681355495434,4804378.7,1937555.3268148329,1.4713697516377808,1.5933879233957973,-0.00586498663512165,0.02325585802304947,-2.258668924692909,-0.041578123713038484,-0.08036038884059127,True,False,True,True,3,True
2016-01-28,608.37,638.06,597.55,635.35,14015171,AMZN,0.08914031027684932,0.06658776731265512,0.044348011900652594,6139589.65,2446166.641984886,3.219560439925523,2.282753701625645,-0.0038843587683360993,0.033197516146531415,2.8021575058381267,0.06507635827200642,0.10491808980557216,True,False,True,True,3,True
2016-01-29,571.98,593.0,570.0,587.0,14677550,AMZN,-0.07609978751869051,0.04021119619567118,0.02625965942865132,6697517.0,3021802.595152055,2.64081876585934,2.191491264598507,-0.007336306946524323,0.036925305672898645,-1.862231857504573,-0.023700623700623646,-0.01572822696938192,True,True,True,True,4,True
2016-02-02,570.0,571.56,550.09,552.1,6312045,AMZN,-0.039508707224996,0.037666666666666515,-0.03140350877192979,6677671.45,2885657.1176510863,-0.1267047452601086,0.945246415200616,-0.00651602413148109,0.035870562661449425,-0.9197704369709423,-0.13103014086723852,-0.08174636174636174,True,True,True,True,4,True
2016-02-05,529.28,529.45,499.19,502.13,9708929,AMZN,-0.0636445008018498,0.05717200725513915,-0.05129610036275691,7064171.1,3020106.580854861,0.8757167434969743,1.374390407956002,-0.008820146264239465,0.038239943937726915,-1.4336933816349429,-0.09050896576707124,-0.14458262350936968,True,False,True,True,3,True
2016-02-08,486.47,493.5,475.21,488.1,9825509,AMZN,-0.027940971461573594,0.037597385244722226,0.003350669106008583,7279800.8,3057247.6406976995,0.8326797496257254,1.3496947608786218,-0.010143996824356332,0.03842971288252019,-0.4631045433938759,-0.08091212081269894,-0.15084984603608131,True,True,True,True,4,True
2016-02-09,478.01,498.38,474.0,482.07,7077915,AMZN,-0.012354025814382386,0.051003117089600626,0.008493546160122179,7389119.0,3006015.994166384,-0.10352706060245093,0.9578834770423916,-0.011642185719061953,0.037870788675405435,-0.01879654795208226,-0.10105172863909295,-0.12684296323129873,True,True,True,True,4,True
2016-03-01,556.29,579.25,556.0,579.04,5038452,AMZN,0.047998262506334655,0.04179474734401122,0.04089593557317227,6141406.3,1853628.0287337261,-0.5950246127608806,0.8204068830293805,0.0007640975910588154,0.028824739565195785,1.6386675344782082,0.04303341439250641,0.047202228089846754,True,False,True,True,3,True
2016-04-28,615.54,626.8,599.2,602.0,7872605,AMZN,-0.007534167532189273,0.044838678233745835,-0.021996945771192718,3407679.05,1307959.6708463437,3.413657201762859,2.310254247682158,0.0007844039547909243,0.013384089780982145,-0.6215268743041686,-0.03864580006387741,-0.045958795562599075,True,False,True,True,3,True
2016-04-29,666.0,669.98,654.0,659.59,10310739,AMZN,0.09566445182724248,0.02399399399399402,-0.009624624624624576,3777346.7,2015508.0002182848,3.241561084993171,2.729624738973523,0.005158287552823759,0.025098075504538495,3.6060997688070726,0.06923550771624964,0.0629975825946818,True,False,True,True,3,True
2016-05-02,663.92,685.5,662.0251,683.85,6578517,AMZN,0.03678042420291394,0.03535802506326071,0.030018676949030102,3982731.3,2083507.6307265852,1.245872902848341,1.651760187788717,0.0074409177855258414,0.025820485507401767,1.1362879450495833,0.12740491616796068,0.09206323858192267,True,True,True,True,4,True
2016-10-28,782.0,789.49,774.61,776.32,10841073,AMZN,-0.051371034752431655,0.01902813299232736,-0.007263427109974361,3582524.3,2056759.323254839,3.5291191428821556,3.0260989436973253,-0.003672198063217269,0.014531364594741488,-3.282474703475221,-0.07047582557053556,-0.052100758251016455,True,False,True,True,3,True
2016-11-10,778.81,778.83,717.7,742.38,12746994,AMZN,-0.03821837591335442,0.07849154479269654,-0.046776492340878974,5095551.4,2828921.4499680297,2.7047207691420594,2.501592663749795,-0.005318523361205013,0.020498376691020625,-1.6049979492552344,-0.05420865554890242,-0.03213694379620091,True,False,True,True,3,True
2017-02-03,806.72,818.3,804.0,810.2,10868773,AMZN,-0.03541877492707901,0.017726100753669122,0.00431376437921462,4046118.65,2004718.5383975415,3.403297879139504,2.68622201674684,0.001943860766108818,0.012229307751111074,-3.0551717606250697,-0.01612668188662747,-0.03059454156047714,True,False,True,True,3,True
2017-06-09,1012.5,1012.99,927.0,978.31,7647692,AMZN,-0.0316351074465242,0.0849283950617284,-0.03376790123456796,3628991.5,1224508.0772629755,3.281889743824812,2.1073876860830345,0.0016604194049771425,0.011686408506671006,-2.8490812068134628,-0.024616151545364007,-0.02823001201911146,True,True,True,True,4,True
2017-07-27,1069.55,1083.31,1040.18,1046.0,10991715,AMZN,-0.0064589665653495,0.040325370482913264,-0.02201860595577575,3572201.9,1825058.647050698,4.065355988417118,3.077013928020138,0.002790752154711301,0.010524628598170764,-0.8788641455403425,0.006785697098031562,0.016817342276659764,True,False,True,True,3,True
2017-10-27,1058.14,1105.58,1050.55,1100.95,16565021,AMZN,0.13216375471756336,0.05200635076643919,0.04045778441416064,3662202.35,3143501.4988065767,4.104600762843131,4.523240230021697,0.00721163965569877,0.03047478386730459,4.100180516650741,0.12813812890665033,0.12009237875288692,True,True,True,True,4,True
2017-10-31,1109.0,1110.54,1101.12,1105.28,3476967,AMZN,-0.005014178331907981,0.008494138863841365,-0.0033543733092876713,3911228.35,3185280.0060406215,-0.13633380713044352,0.8889705966669013,0.007631830547056373,0.03045013268340528,-0.41530225862878356,0.13661651738428482,0.13257505891997123,False,True,True,True,3,True
2018-02-01,1445.0,1459.88,1385.14,1390.0,9113808,AMZN,-0.04196734418184711,0.051723183391003465,-0.03806228373702422,4984090.55,1586885.34290035,2.602404432353075,1.828579940226006,0.007310728644193148,0.015183432372723443,-3.2455160082621872,-0.01952485751368438,0.008744874632606425,True,False,True,True,3,True
2018-02-02,1477.39,1498.0,1414.0,1429.95,11125722,AMZN,0.02874100719424466,0.05685702488848577,-0.032110681675116284,5389272.2,2031756.3070591695,2.8233946069561484,2.0644201270813523,0.008523978970688312,0.015897661831792302,1.2716982181069,-0.005473564145720533,0.019899432973146558,True,True,True,True,4,True
2018-02-05,1402.62,1458.98,1320.72,1390.0,11494985,AMZN,-0.027938039791601144,0.09857267114400194,-0.008997447633713972,5786784.3,2396815.4702231856,2.3815770429203993,1.986420160848228,0.006318951913936726,0.017734691373874543,-1.9316373193842427,-0.04196734418184711,-0.01952485751368438,True,True,True,True,4,True
2018-02-06,1361.46,1443.99,1351.79,1442.84,11066819,AMZN,0.03801438848920857,0.06772141671440957,0.05977406607612407,6126151.5,2640306.468917491,1.8712477351258556,1.8064879720979803,0.007498435352260519,0.019038658578225277,1.6028415558567497,0.03801438848920857,0.003491396697778537,True,False,True,True,3,True
2013-04-19,384.9646,402.1217,383.5131,400.3349,11593628,GOOGL,0.044333750717378884,0.04833847060223191,0.039926528309356196,4623048.3,1986817.1487330417,3.5084153085979835,2.5077886380724164,-0.0005991101873504045,0.015139191737585616,2.967982814642332,0.008192772419378658,0.012429568560012205,True,False,True,True,3,True
2013-07-19,443.7483,451.9265,438.2428,448.7473,14703570,GOOGL,-0.015463081782545851,0.03083662517693023,0.011265395270246724,4918494.7,2694347.033343976,3.631705633648708,2.98944512433855,0.0006974026650523657,0.008142247432160762,-1.9847695101682268,-0.02502152026729021,-0.028604548214515746,True,False,True,True,3,True
2013-10-18,488.7783,508.2378,487.487,506.2097,23145371,GOOGL,0.13795546008082882,0.04245442156495075,0.035663203542383115,4600467.75,4574644.14233244,4.053846085729555,5.031090805929463,0.006144134258106804,0.03251486767349524,4.053878587061545,0.1467080911368548,0.1598848386113727,True,True,True,True,4,True
2013-10-23,501.0005,517.8923,500.8153,516.2192,5329842,GOOGL,0.024237331685196706,0.034085794325554565,0.03037661639060243,4961453.6,4571574.533093516,0.08058238957568029,1.0742500947706133,0.008581806705028372,0.03210069861771316,0.4877004443613453,0.01977342591420128,0.14852307250755614,False,True,True,True,3,True
2014-02-03,590.1896,591.4519,566.5685,567.2817,9142062,GOOGL,-0.04025509431536245,0.04216170532317081,-0.03881447589045967,5576834.25,2424204.6300254506,1.4706793749348503,1.6392923996261857,0.0014521068556857363,0.01951420790290952,-2.1372735895075583,0.023949235894071164,0.029240032396796733,True,True,True,True,4,True
2014-04-04,578.55,579.7173,544.494,545.25,5366972,GOOGL,-0.04593175853018372,0.06088203266787658,-0.057557687321752586,4502334.85,1204372.5398712484,0.7179150315835273,1.192041946857862,-0.005317673959975083,0.015416343173237642,-2.6344823875426955,-0.04007377303734916,-0.027442270382286083,True,True,True,True,4,True
2014-04-10,568.0,568.21,545.5,546.69,3296996,GOOGL,-0.03588812076749415,0.03998239436619725,-0.03751760563380272,4467760.4,1184275.2319271225,-0.9885914764044027,0.7379527335440816,-0.00405865680492562,0.01921455815832873,-1.6565285394695244,0.011209144886521472,-0.04341207349081355,True,True,True,False,3,True
2014-09-19,599.49,605.4,597.76,605.4,4194630,GOOGL,0.013611934301069883,0.012744165874326488,0.009858379622679225,1623005.45,646224.2080563245,3.9794617996976345,2.584483003430457,0.0011150683172535258,0.00805033111142988,1.5523418615755167,0.028227861000713395,0.035048726277996156,True,False,True,True,3,True
2015-07-16,589.5,604.5,587.92,601.78,5632054,GOOGL,0.03051578875265415,0.028125530110263003,0.02083121289228155,2069715.35,1027442.6285090502,3.4671898470568676,2.721173227999686,0.00490889851980435,0.01369859439992022,1.8693078636592768,0.05255977471883577,0.10489305058294307,True,False,True,True,3,True
2015-07-17,680.0,703.0,678.0,699.62,12858136,GOOGL,0.1625843331450032,0.03676470588235294,0.028852941176470595,2609642.0,2621938.1226067515,3.9087474687659167,4.927164722210939,0.012161788795788508,0.03784708015924685,3.9744821454202266,0.19761032558458025,0.25806045566524616,True,True,True,True,4,True
2015-07-20,688.98,697.8,681.77,692.84,5121752,GOOGL,-0.009690975100768995,0.02326627768585441,0.0056024848326511854,2717505.15,2681012.3964939094,0.8967682705026471,1.8847257750367097,0.011556775442957978,0.038107009527321545,-0.557581159143254,0.18645112678950615,0.2118307592744828,True,True,True,True,4,True
2015-07-21,684.88,705.6,684.15,695.35,3780230,GOOGL,0.0036227700479187774,0.031319355215512275,0.015287349608690614,2819638.2,2680624.514662787,0.358346271454896,1.340679098474407,0.011544198921677639,0.038109719843027565,-0.2078584913871557,0.15548871680680665,0.1903009346434319,True,False,True,True,3,True
2015-07-22,694.02,713.33,691.62,695.1,4154987,GOOGL,-0.0003595311713525673,0.031281519264574564,0.0015561511195643367,2948897.15,2679514.207241171,0.45011511666578946,1.4089969194076504,0.011194782969170619,0.038189113823607644,-0.30255517826078937,-0.00646065006717933,0.19032125488047114,False,True,True,True,3,True
2015-08-24,600.6,644.33,593.09,618.11,6489430,GOOGL,-0.04024657236464135,0.08531468531468532,0.029154179154179137,2392055.15,1462742.5374728218,2.801159291558601,2.7129098591226044,-0.0029593698406501,0.019528509890581334,-1.9093726419943078,-0.1094029162584288,-0.10949273169958651,True,True,True,True,4,True
2015-08-25,646.4675,647.0,611.67,612.47,3571469,GOOGL,-0.009124589474365341,0.05465085251772137,-0.05258965067849497,2484718.95,1476444.7718738092,0.7360587207205632,1.4373734301016217,-0.0035211790916633958,0.019536570192541604,-0.28681648454553893,-0.09861953258374045,-0.11072553830964238,True,True,True,True,4,True
2015-08-26,643.1,662.48,630.37,659.74,4386985,GOOGL,0.07717929041422433,0.04993002643445811,0.025874669569273808,2612177.95,1526831.8877600012,1.1624115688360428,1.6794357367575206,0.0002036254072183996,0.026604770055996308,2.89330314996114,0.024393273605266996,-0.049420782663823326,True,True,True,True,4,True
2015-10-23,750.06,752.5,717.94,719.33,6336319,GOOGL,0.05606776874064079,0.04607631389488834,-0.040970055728874896,2362361.3,1140312.7876564073,3.4849716174518695,2.6821972574643853,0.006009843052506181,0.018574115122807728,2.695036902547618,0.0578382352941178,0.034530863487315155,True,True,True,True,4,True
2016-02-03,786.28,791.43,736.26,749.38,6555731,GOOGL,-0.040375971622850226,0.07016584422851906,-0.04692984687388714,3264676.4,1465178.7560079044,2.2461795780925486,2.008079881975439,-0.0005752230625978461,0.021905124544872614,-1.8169606147968076,-0.01572207263413672,0.044315616377268,True,True,True,True,4,True
2016-04-22,743.91,753.92,730.37,737.77,7039948,GOOGL,-0.05414102564102563,0.03165705528894618,-0.008253686601873865,1938713.45,1342376.9346179324,3.800150627179775,3.631247309910601,-0.0010329597392232047,0.015045081951700082,-3.529928655244132,-0.049571658615136904,-0.05414102564102563,True,False,True,True,3,True
2016-07-29,797.71,803.94,790.0,791.34,5090527,GOOGL,0.03329677217173299,0.01747502225119411,-0.007985358087525547,1633375.1,1001331.9830337383,3.4525531577707693,3.116569488539405,0.005943589959917483,0.009842883174034941,2.7789806836244795,0.044466442288655816,0.042224212411758666,True,False,True,True,3,True
2017-04-28,929.0,935.9,923.22,924.52,3845857,GOOGL,0.03710849860899201,0.013649085037674865,-0.004822389666307878,1508066.45,680329.8396877807,3.4362604925176687,2.55019067627955,0.0042963313079644625,0.010834102966225771,3.028600282212214,0.04014220782143019,0.07633738867221607,True,False,True,True,3,True
2018-02-02,1127.42,1131.3,1111.17,1119.2,5892122,GOOGL,-0.052801733257728856,0.01785492540490667,-0.0072909829522272325,1899923.1,1089072.0365543792,3.6656885550294476,3.1012423608092345,0.0011607770596047174,0.014473210090848326,-3.728441028535546,-0.0494067285560188,-0.057563407322577254,True,False,True,True,3,True
2018-02-06,1033.98,1087.38,1030.01,1084.43,3831524,GOOGL,0.020745677199521806,0.05548463219791497,0.048792046267819536,2163135.4,1245460.4004759048,1.339575790095365,1.7712825558677465,-0.0011794532371713462,0.01891495802633246,1.1591424314116945,-0.08222818405707555,-0.07893865140100376,True,True,True,True,4,True
2013-04-09,28.73,29.815,28.68,29.61,77733607,MSFT,0.035676810073452137,0.03950574312565268,0.030630003480682177,43846944.6,17005502.40000687,1.992688107820108,1.77283976589785,0.003070903200167069,0.009046887957227816,3.604101988157738,0.03549571603427171,0.028124999999999956,True,False,True,True,3,True
2013-04-11,29.1,29.2,28.73,28.935,130903838,MSFT,-0.04441875825627484,0.016151202749140853,-0.005670103092783598,50526053.95,25834569.57334123,3.1112492051325704,2.5908185533257932,0.0019006207090441207,0.014786865843288408,-3.132467654485606,0.012067156348373409,0.011890190592760863,True,True,True,True,4,True
2013-07-19,32.4,32.67,31.02,31.4,248354245,MSFT,-0.11399548532731374,0.05092592592592599,-0.0308641975308642,51071935.0,49051646.853704005,4.021930407115429,4.862832101427134,-0.0028123129841256755,0.02825421508782454,-3.9351003734341825,-0.13427074717397314,-0.11970843846369505,True,True,True,True,4,True
2013-07-22,31.7,32.01,31.6,32.01,79024753,MSFT,0.01942675159235674,0.012933753943217559,0.009779179810725512,50756305.65,48839407.48096593,0.5788040602461649,1.5569445409390232,-0.0015050542340091788,0.02866581727436181,0.730200908839496,-0.10436485730274214,-0.11501244124965448,True,True,True,True,4,True
2013-07-23,31.91,32.04,31.71,31.82,65810331,MSFT,-0.005935645110902721,0.010341585709808783,-0.0028204324663114967,51241372.8,48943433.195800014,0.29766931432284993,1.2843202163389347,-0.00247822308206897,0.028458239807664473,-0.12149107085332052,-0.10214446952595935,-0.1226909291425421,False,True,True,True,3,True
2013-07-25,31.62,31.65,31.25,31.39,63212927,MSFT,-0.017834793491864787,0.012650221378874085,-0.007273877292852638,52406294.3,48975832.87409931,0.22065235169721947,1.206208678639581,-0.004093040462933512,0.028193976566784417,-0.48740031390678534,-0.01936894720399862,-0.11427765237020304,False,True,True,True,3,True
2013-08-23,35.17,35.2,34.0,34.75,225442537,MSFT,0.07286199444272912,0.03411998862667054,-0.011941996019334707,45299409.7,43322541.3176798,4.158184672940323,4.9767212970989325,0.004913414517645415,0.01991183529688578,3.4124719751830654,0.09898798228968997,0.09276729559748431,True,True,True,True,4,True
2013-09-03,31.75,32.07,31.29,31.88,154489546,MSFT,-0.045508982035928125,0.024566929133858304,0.004094488188976347,55131190.75,49112127.863453366,2.0230920461488946,2.8022167469691373,0.0005580729404766283,0.02424921081826732,-1.899734194306303,-0.034524530587522806,-0.0664714494875549,True,False,True,True,3,True
2013-10-25,35.88,36.29,35.47,35.73,113493954,MSFT,0.059608540925266906,0.02285395763656634,-0.004180602006689122,42819801.65,18472380.95586819,3.825936273122858,2.6505016283745446,0.0037020941633620465,0.01665542291269386,3.3566512873891656,0.033256217466743676,0.022025171624713735,True,False,True,True,3,True
2014-06-27,41.61,42.29,41.51,42.25,74641945,MSFT,0.012703739213806298,0.018745493871665492,0.015380918048546036,26250338.05,13512464.89985125,3.5812568105566527,2.843466048240091,0.0016125319561795914,0.008782774542346102,1.2628363854896318,0.01209725715654586,0.013675623800383896,True,False,True,True,3,True
2014-07-17,45.45,45.71,44.25,44.53,82180263,MSFT,0.01020871143375679,0.03212321232123214,-0.02024202420242028,31938783.5,19357764.990878653,2.5954173699119556,2.5730555141525664,0.0034009668624858545,0.010568273388072426,0.6441680983531612,0.05671570953962979,0.06824997001319422,True,True,True,True,4,True
2014-09-19,46.81,47.57,46.6,47.52,202526536,MSFT,0.01799485861182526,0.020722067934202067,0.015167699209570623,37675034.0,39828101.02837374,4.139075118910614,5.375616542243864,0.002513305181986747,0.00791989071503521,1.9547685677591682,0.016253207869974418,0.017667844522968323,True,True,True,True,4,True
2015-01-27,42.95,43.2,42.105,42.66,169163953,MSFT,-0.09253350350989153,0.025494761350407586,-0.00675203725261947,37262296.3,31972332.04784753,4.1254937707579575,4.539815572235681,-0.005463750789256183,0.024259709191644788,-3.5890682791293633,-0.09484404837683014,-0.0804052597542575,True,True,True,True,4,True
2015-01-28,42.74,42.79,41.16,41.19,84507078,MSFT,-0.034458509142053395,0.03813757604117928,-0.03626579316799261,40765674.3,33156794.457555085,1.3192289669616453,2.0729959567969174,-0.006737636981530115,0.025108194375116945,-1.1040567770972645,-0.12696057651547266,-0.10300522648083632,True,False,True,True,3,True
2015-01-29,40.93,42.12,40.79,42.01,63585273,MSFT,0.019907744598203436,0.032494502809675016,0.026386513559736095,43125703.35,33009563.52641953,0.61980733655036,1.4744170659421836,-0.005289141216319626,0.025793325507163317,0.9768762002993909,-0.10636034886194423,-0.10863568852111194,True,True,True,True,4,True
2015-01-30,41.55,41.58,40.35,40.4,78004944,MSFT,-0.038324208521780534,0.029602888086642527,-0.027677496991576383,45948328.05,33478041.793458182,0.9575415476141758,1.6976666466539692,-0.006599226589239787,0.02680427260231131,-1.183579289885491,-0.052977027660571885,-0.14370495972869868,True,True,True,True,4,True
2015-02-02,40.59,41.37,40.23,41.28,50352532,MSFT,0.0217821782178218,0.028085735402808586,0.01699926090169987,47070262.05,33216820.669333193,0.09881348918592613,1.069731286953819,-0.005843809820436957,0.02740421427622859,1.0080926882192183,0.002184996358339575,-0.12188895979578807,False,True,True,True,3,True
2015-04-24,45.66,48.14,45.65,47.87,130933665,MSFT,0.1045223811721272,0.05453350854139295,0.04840122645641702,37318220.25,23213616.874269225,4.032781503074025,3.508572062731207,0.007813483231191515,0.025595559833936556,3.7783466573257605,0.12278644306321107,0.15030637991108953,True,False,True,True,3,True
2015-08-21,45.3,45.48,43.07,43.07,70053084,MSFT,-0.056723609286027044,0.05320088300220743,-0.049227373068432605,31302160.45,11278666.76438699,3.4357716527593642,2.2379632265925595,-0.0030735803342325898,0.017399359747684886,-3.083448456138335,-0.08885127988153163,-0.08361702127659576,True,False,True,True,3,True
2015-08-24,40.45,43.31,39.72,41.68,88753660,MSFT,-0.03227304388205243,0.088751545117429,0.030407911001236014,33754772.45,17055295.955962833,3.2247395584344236,2.6293662661026174,-0.004045090604086194,0.018482296359281187,-1.527296864482487,-0.10577129371379534,-0.11918850380388846,True,True,True,True,4,True
2015-08-25,42.565,43.24,40.39,40.47,70616597,MSFT,-0.029030710172744723,0.06695641959356283,-0.04921884177140841,35569154.9,18945078.573352583,1.8499496829375193,1.9853324375721955,-0.005485600754399284,0.019274284275644957,-1.2215815166790451,-0.11366622864651765,-0.14385445314152745,True,False,True,True,3,True
2015-08-26,42.01,42.84,41.06,42.71,63407996,MSFT,0.05534964170990864,0.04237086407998099,0.01666269935729595,36692261.5,19921251.20939064,1.3410670955952064,1.7281026954416532,-0.003765758721837237,0.02294299933972719,2.576620412893618,-0.00835848618527979,-0.08367303153829653,True,True,True,True,4,True
2015-10-23,52.3,54.07,52.25,52.87,135227059,MSFT,0.10077035186341865,0.034799235181644364,0.010898661567877634,35660552.7,24756713.970098995,4.021798144142062,3.792062903164145,0.009552168091475244,0.02394801213597524,3.8090085830094185,0.10676156583629881,0.11281835403073037,True,False,True,True,3,True
2015-10-26,52.53,54.32,52.5,54.25,64633324,MSFT,0.02610175903158707,0.03464686845612032,0.03274319436512467,37511529.65,25496286.146834787,1.063754705050132,1.723025549825852,0.011596901013468797,0.023501653261333546,0.6171845808814911,0.1493644067796609,0.13922721545569106,True,False,True,True,3,True
2016-01-29,54.73,55.09,54.0,55.09,83611686,MSFT,0.05830371722216898,0.019915951032340645,0.0065777452950850825,47762427.3,15518137.738157053,2.3101521139261063,1.750574473002129,-0.0008360561248971332,0.023435213532395544,2.5235431827968866,0.0559708644815029,0.0535475234270415,True,False,True,True,3,True
2016-04-22,51.91,52.4297,50.77,51.78,126834091,MSFT,-0.0717102904266762,0.03197264496243486,-0.0025043344249662002,29383420.2,23603690.658837944,4.128620062367725,4.316518980319384,-0.0021111151645981986,0.01910339501721872,-3.6432882845873857,-0.0817520837027842,-0.06954177897574121,True,True,True,True,4,True
2016-06-13,49.58,50.715,49.06,50.14,83217844,MSFT,-0.026029526029525907,0.033380395320693854,0.011294876966518803,27321609.9,14020573.254949888,3.986729578283551,3.0458616569296675,-0.0008405553834930524,0.01359042478824029,-1.8534351235164273,-0.036510376633358876,-0.038173796278534455,True,False,True,True,3,True
2016-06-24,49.81,50.94,49.52,49.83,133502985,MSFT,-0.04006935079946061,0.028508331660309066,0.0004015257980324437,36540642.9,27046026.25573865,3.585086444239713,3.653547786921943,-0.0019248138060675214,0.01434079853546717,-2.6598614365201025,-0.0265676890017581,-0.005984440454817608,True,False,True,True,3,True
2016-10-21,60.28,60.45,59.485,59.66,80032206,MSFT,0.04209606986899561,0.01600862641008632,-0.010285335102853427,26645065.15,14450045.98299889,3.6946000665196705,3.0036408449164553,0.0019741088094535676,0.012022346556878824,3.337282024746281,0.03468609087755814,0.03901079763148729,True,False,True,True,3,True
2017-10-27,84.37,86.2,83.61,83.81,71066729,MSFT,0.06411884205180285,0.030698115443878196,-0.006637430366243952,19555336.1,13042557.938947938,3.949485456850123,3.634134879430684,0.00600886240386927,0.014564241612966454,3.9899076925638632,0.062769464874461,0.06344372541555643,True,False,True,True,3,True
2018-02-06,86.89,91.475,85.25,91.33,67998564,MSFT,0.03784090909090909,0.07164230636436868,0.05109909080446539,33620340.05,13263915.142941024,2.5918609686142244,2.0225424222025383,0.0018555607052326728,0.018093173203660783,1.9888909469122598,-0.03108423509441971,-0.015203795557472422,True,True,True,True,4,True
2013-04-11,12.65,12.85,12.3,12.77,24229958,NVDA,-0.004676539360872978,0.04347826086956513,0.009486166007905077,9468928.2,3904799.0051180357,3.7802278121492705,2.5588913009183027,0.00020037660349970788,0.013167975369881893,-0.37036186865349735,0.027353177795655714,0.042874642711310695,True,True,True,True,4,True
2013-06-19,14.53,15.48,14.48,14.84,28989638,NVDA,0.030555555555555447,0.06882312456985547,0.021335168616655232,9654824.1,5180051.675433008,3.7325523202205844,3.0026065415319168,-0.00015511676220648086,0.015455767933973782,1.9870039747592152,0.034146341463414664,0.05622775800711732,True,False,True,True,3,True
2013-08-09,14.12,14.71,14.11,14.49,22655840,NVDA,-0.01421865433022651,0.0424929178470256,0.026203966005665793,7173791.6,4092593.391682081,3.7829432143115453,3.1581402504081666,-0.0004742718811787283,0.009225517497959168,-1.489822381464049,-0.008213552361396204,-0.018292682926829285,True,True,True,True,4,True
2013-08-12,13.9,14.58,13.11,14.37,6439163,NVDA,-0.008281573498964856,0.10575539568345328,0.033812949640287686,7244086.05,4065879.396774351,-0.1979702227858953,0.888885493015368,-0.0007858915397335242,0.009385388348809852,-0.7986544275689826,-0.015753424657534265,-0.03101820633850305,True,True,True,True,4,True
2013-11-08,15.0,15.61,14.935,15.56,18364379,NVDA,0.0697834307322105,0.04499999999999993,0.037333333333333364,7564335.35,3633998.773661485,2.9719447701184194,2.4277584414604254,0.0011520785641919106,0.0196151783953852,3.498890032229595,0.05135135135135127,0.01999344477220588,True,False,True,True,3,True
2014-02-13,17.25,17.46,16.95,17.36,22572405,NVDA,0.031491384432561054,0.029565217391304438,0.006376811594202865,7672691.25,4830063.516522431,3.08478629712256,2.9419149376041944,0.004161852457483228,0.01498425808180069,1.8238828926919801,0.09045226130653261,0.10997442455242967,True,False,True,True,3,True
2014-02-14,17.2,17.95,17.19,17.91,20442453,NVDA,0.03168202764976957,0.044186046511627795,0.04127906976744191,8418993.95,5575031.8497225065,2.156661948146262,2.4281348960940874,0.005589801435224684,0.01619215530894028,1.6114115580486323,0.10215384615384626,0.1285444234404538,True,False,True,True,3,True
2014-08-08,18.22,19.1,18.22,19.0,22366081,NVDA,0.0882016036655211,0.04829857299670706,0.04281009879253574,8404187.15,3909970.391566277,3.570843881609822,2.6613021105794865,0.00016841926633668348,0.025477186630122956,3.4553730628600245,0.07587768969422415,0.07405313736574337,True,False,True,True,3,True
2014-10-10,17.77,17.83,16.84,16.845,17284422,NVDA,-0.05946398659966501,0.05571187394485078,-0.0520540236353405,7187272.9,3329545.8735158266,3.032590474369388,2.404865133199548,-0.006176754231674025,0.016812933157805646,-3.1694191529722238,-0.06025104602510467,-0.07597366977509612,True,False,True,True,3,True
2015-02-12,22.0,22.5,21.87,22.3,16922588,NVDA,0.07160019221528113,0.028636363636363592,0.013636363636363669,5883252.1,3097510.4893153063,3.5639381813490507,2.876400282082082,0.006398093427989743,0.024510967740894955,2.6601193178719713,0.09421000981354277,0.08860141567000257,True,False,True,True,3,True
2015-03-25,22.39,22.39,20.97,21.04,13563840,NVDA,-0.06071428571428572,0.06342117016525242,-0.06029477445288081,7975125.75,2895905.071493696,1.9298679038250948,1.7007681665709158,-0.0023467054455897475,0.02022962494192295,-2.8852527140895066,-0.10353642948444819,-0.08001749016178406,True,False,True,True,3,True
2015-05-08,21.01,21.84,20.49,20.825,28663778,NVDA,-0.07403290351267222,0.06425511661113761,-0.008805330794859699,7455583.0,5337033.303060898,3.973779775336359,3.844605847725121,-0.004234820499353376,0.020084465658316158,-3.475227282654558,-0.054698138901497995,-0.08461538461538465,True,True,True,True,4,True
2015-05-27,20.87,21.935,20.8,21.84,10808271,NVDA,0.05354558610709104,0.05438428366075697,0.04647819837086722,8540657.7,5395937.6718044,0.4202445317055917,1.2655080416113622,-0.0007802593643965183,0.023762560313036505,2.2861949535666644,0.04547630445189088,0.03802281368821303,True,False,True,True,3,True
2015-08-07,22.46,23.37,21.88,22.98,35131171,NVDA,0.12371638141809305,0.06634016028495111,0.02315227070347282,7835985.35,7002078.296600945,3.898154875424635,4.483312491134252,0.007996648226155662,0.029745425239833142,3.8903371613922344,0.12812960235640647,0.1518796992481204,True,True,True,True,4,True
2015-08-10,22.82,23.95,22.68,23.78,16557636,NVDA,0.0348128807658834,0.05565293602103416,0.04206836108676603,8398277.6,7236330.454249012,1.1275546980042912,1.9715514047785228,0.009408178340399203,0.030338682682996946,0.8373699903497144,0.15549076773566584,0.17200591424346978,True,True,True,True,4,True
2015-08-13,23.75,23.8,23.46,23.52,6922146,NVDA,-0.00843170320404718,0.014315789473684205,-0.009684210526315807,8770942.55,7227043.697002483,-0.25581643442488317,0.7892134694235341,0.008073937282870775,0.03035894633471491,-0.5436829165590655,-0.010933557611438216,0.15012224938875307,False,True,True,True,3,True
2015-08-24,20.27,21.83,20.0,20.71,17057073,NVDA,-0.03539823008849552,0.09028120374938324,0.02170695609274797,10084206.8,7071444.6948246425,0.9860596385775612,1.6914640227330522,0.004008705947636598,0.03336334708067789,-1.1811445638484612,-0.09917355371900816,-0.11457887986318938,True,True,True,True,4,True
2015-08-25,21.62,21.7,20.28,20.28,15567110,NVDA,-0.020762916465475567,0.0656799259944495,-0.06197964847363551,10614675.65,7064569.943440093,0.7010241797660526,1.4665648309282064,0.0018830407043731734,0.033527398510147105,-0.6754462969441222,-0.08483754512635377,-0.12131715771230489,True,False,True,True,3,True
2015-08-26,20.94,21.83,20.78,21.81,15374439,NVDA,0.0754437869822484,0.05014326647564456,0.041547277936962626,11092545.95,7046184.458002966,0.6076896049941868,1.386015353851205,0.005047019207058833,0.037320030021567,1.8862998699226057,0.015836050302747928,-0.05132666376685513,True,True,True,True,4,True
2015-08-27,22.04,22.64,21.91,22.63,11594083,NVDA,0.037597432370472195,0.03312159709618877,0.026769509981851174,11434526.15,6886550.700703542,0.02316934223452374,1.0139539538330584,0.006801703043909935,0.03801273406827363,0.8101424451935211,0.09270883631096072,0.021209386281588305,False,True,True,True,3,True
2015-11-06,30.45,31.94,29.82,31.55,29306777,NVDA,0.13857813063875857,0.06962233169129724,0.03612479474548445,9635992.45,5426484.073298218,3.624959418344721,3.041386463518867,0.010120807396941944,0.0346850311659894,3.703537777638677,0.10701754385964923,0.11209023616496294,True,True,True,True,4,True
2016-01-15,27.52,27.85,26.64,27.11,21036303,NVDA,-0.05441227764213474,0.04396802325581398,-0.014898255813953494,8821753.3,5118951.065724489,2.3861430873575395,2.384594341353889,-0.009819437859283764,0.021215398980408827,-2.101909081419107,-0.10172299536116636,-0.08504893688828885,True,False,True,True,3,True
2016-02-05,28.02,28.33,26.35,26.43,15010685,NVDA,-0.0630981921304502,0.07066381156316906,-0.056745182012847964,10128985.4,3822588.241613815,1.2770665558106384,1.4819534639668845,-0.0064434811470553185,0.026259539840455186,-2.1574906235071643,-0.05808980755523874,-0.09764424718333897,True,False,True,True,3,True
2016-02-08,26.03,26.16,24.85,25.22,15221320,NVDA,-0.04578130911842604,0.0503265462927391,-0.031117940837495285,10391962.3,3987824.985181201,1.2110254883165492,1.4647204792111301,-0.0076592308830294555,0.027524078895814413,-1.385044650529388,-0.10567375886524821,-0.1392491467576792,True,False,True,True,3,True
2016-02-09,24.92,26.55,24.8,25.49,10634314,NVDA,0.010705789056304482,0.07022471910112359,0.022873194221508696,10411923.25,3987997.600316407,0.055765016002606305,1.0213592383136325,-0.00720831537553992,0.027758137678110303,0.6453640600670132,-0.0964197093229352,-0.09158945117605133,True,True,True,True,4,True
2016-02-18,29.93,30.975,29.9,30.04,26716489,NVDA,0.08604483007953712,0.03591713999331784,0.003675242231874355,10425929.05,5226406.583530219,3.1169714199687095,2.562504393793088,0.00499064411248209,0.03343734520468126,2.4240616433779367,0.16750874465604348,0.18128195045222184,True,True,True,True,4,True
2016-02-19,29.88,30.71,29.65,30.44,13140732,NVDA,0.013315579227696439,0.035475234270415074,0.0187416331994646,10481144.55,5250096.150686027,0.5065788080190632,1.253749715721648,0.005074181443590342,0.0334569257898642,0.246328602809133,0.12782512041496852,0.20316205533596832,True,False,True,True,3,True
2016-02-22,30.88,31.87,30.82,31.52,11241697,NVDA,0.035479632063074806,0.03400259067357515,0.020725388601036288,10720713.8,5165113.962719236,0.10086577058325379,1.0485959433037004,0.005679098298542651,0.033911629985159265,0.8787703150091504,0.1395516992046275,0.22502914885347836,True,False,True,True,3,True
2016-02-24,31.47,31.8679,30.6,31.82,8421336,NVDA,0.006962025316455733,0.040289164283444465,0.01112170320940583,10980133.85,4985250.152466208,-0.513273711798426,0.7669611422815215,0.0057142163575551515,0.03387182153655011,0.03683914541041458,0.045335085413928944,0.15039768618944316,False,True,True,True,3,True
2016-05-13,39.19,41.0,39.0,40.98,52756404,NVDA,0.15209446162496487,0.05103342689461598,0.045674917070681276,9785614.2,10551665.671069559,4.072417676937665,5.391220512249502,0.00555122430511446,0.03713400040068776,3.9463358576668806,0.13959955506117905,0.1599207472403057,True,True,True,True,4,True
2016-05-16,40.67,42.8,40.54,42.19,24325757,NVDA,0.029526598340654076,0.0555692156380624,0.037373985738873766,10617749.85,11022850.134451507,1.2435991583661412,2.2910463463216737,0.007243013419561661,0.03743070343312481,0.5953290448015532,0.16999445368829713,0.19586167800453502,True,False,True,True,3,True
2016-05-17,42.0,42.58,41.4601,42.28,15709762,NVDA,0.002133206921071329,0.026664285714285745,0.006666666666666694,11016799.1,11057169.367890667,0.4244271516386529,1.425982434407831,0.008242289399913305,0.036989655247239905,-0.16515651303070267,0.18864211414113008,0.17575083426028915,True,False,True,True,3,True
2016-05-18,42.0,43.85,42.0,43.36,13526797,NVDA,0.02554399243140959,0.04404761904761908,0.032380952380952364,11442917.25,10977198.655158104,0.18983711741618162,1.1821108817334147,0.009326704664557317,0.037171752737479684,0.43627987847074645,0.058077110785749175,0.2024403771491956,True,True,True,True,4,True
2016-05-19,43.19,43.8586,43.13,43.55,9971981,NVDA,0.004381918819188035,0.01686964575133133,0.008335262792313022,11718666.85,10861129.676343659,-0.1608199056682299,0.8509484165427913,0.00960067029001604,0.03711102316536361,-0.1406253728864786,0.03223512680730023,0.2243463592915378,False,True,True,True,3,True
2016-06-24,46.5,47.36,45.3,45.73,25442111,NVDA,-0.056918952361311725,0.044301075268817255,-0.016559139784946303,9133703.5,4491002.656671937,3.631351113937075,2.785519696364131,0.0002613152030889854,0.01897184210395612,-3.0139544305229666,-0.03257880262322843,-0.02119006849315075,True,False,True,True,3,True
2016-08-12,61.9,63.38,60.63,63.04,35643642,NVDA,0.05594639865996642,0.0444264943457189,0.01841680129240712,10252931.8,6504074.86378737,3.903815797288472,3.47643412589558,0.009126550993350507,0.016595847477250427,2.821178474362127,0.07047036848361343,0.08316151202749134,True,False,True,True,3,True
2016-09-12,58.73,60.865,57.315,60.75,14956524,NVDA,0.020665322580645018,0.06044610931380903,0.03439468755320966,9606802.5,3243028.6389012504,1.649606616428927,1.5568680630209688,-0.0017103939733922545,0.016947351720113437,1.3203075574032814,-0.02315484804630963,-0.028466336158643912,True,False,True,True,3,True
2016-10-24,68.0,70.79,67.99,70.71,8495946,NVDA,0.04693514954101263,0.04117647058823546,0.039852941176470494,7971946.7,1674013.5470734916,0.313019748804336,1.0657304068528206,0.004848309853143368,0.015808305211569597,2.6623245898027856,0.06378817511659385,0.07773205304069486,True,False,True,True,3,True
2016-11-10,71.49,71.5,66.76,67.77,21732039,NVDA,-0.03130360205831906,0.06630297943768353,-0.05203524968527066,9049715.65,3630833.0070973304,3.4929514315886654,2.4014057281457233,0.002040960710040146,0.02172084380385593,-1.5351412251507377,-0.049109022028904215,-0.002795762213066433,True,False,True,True,3,True
2016-11-11,79.51,88.77,78.5,87.97,54383633,NVDA,0.298066991294083,0.1291661426235693,0.10640171047666952,11355604.75,10757330.782847231,3.999879628002981,4.789144585188208,0.016454639272448963,0.06972892385556942,4.038673429191909,0.23622821810005634,0.3019091312712743,True,True,True,True,4,True
2016-11-14,88.09,88.19,83.62,83.64,33719913,NVDA,-0.04922132545185853,0.051878760358723956,-0.050516517198319934,12797442.4,11732489.689881472,1.7832933292960236,2.63489468801985,0.014281495412342771,0.07112102125381485,-0.8928839848569398,0.195540308747856,0.17356531499929861,True,True,True,True,4,True
2016-11-15,84.29,87.45,83.93,86.19,15652258,NVDA,0.030487804878048808,0.04176058844465531,0.022541226717285458,13243341.6,11659164.931892484,0.20661140090836605,1.1818964180460316,0.015043806704865848,0.07121350180797767,0.21686896137795109,0.271801682160248,0.2112141652613828,True,True,True,True,4,True
2016-11-16,87.34,92.555,86.3452,91.63,24699644,NVDA,0.06311637080867838,0.07109915273643234,0.049118387909319806,14229500.7,11756838.50768845,0.8905577203559437,1.7358053891518486,0.018304714571226805,0.07187716993726416,0.62344769940948,0.04160509264521983,0.3097484276729561,True,True,True,True,4,True
2016-11-17,92.31,94.7923,90.65,92.39,20824744,NVDA,0.008294226781621727,0.04487379482179603,0.0008666450005416346,14880634.3,11742741.716555865,0.5061943661435995,1.3994527101576577,0.017771629912113212,0.07191161454315524,-0.13179238417465863,0.10461501673840257,0.36328759037922387,True,True,True,True,4,True
2016-12-01,92.1,92.17,84.77,87.64,25888074,NVDA,-0.04945770065075927,0.08034744842562438,-0.04842562432138973,16292395.45,11638256.029605787,0.824494539868361,1.588966710232902,0.014355238502862033,0.07233392130935148,-0.8821993609431408,-0.06874933588354049,-0.06736192401830365,True,False,True,True,3,True
2016-12-20,104.58,106.13,104.12,105.17,21201433,NVDA,0.03483223457640472,0.01921973608720588,0.005641614075349048,14243027.45,6426263.185163784,1.0828074340411027,1.4885482088992255,0.006455987514771433,0.024203252607136558,1.1724146139459901,0.06544423057441007,0.1535592848524734,False,True,True,True,3,True
2016-12-27,112.06,117.36,111.22,117.32,29856842,NVDA,0.06868282018582605,0.054792075673746214,0.04693913974656426,16604040.25,6276112.799463399,2.111625806204933,1.7981672864229536,0.011449344913914878,0.027908131557690657,2.050781334235875,0.10857034867239901,0.15438354816491184,True,True,True,True,4,True
2016-12-28,119.6,119.93,108.69,109.25,57394116,NVDA,-0.06878622570746673,0.09397993311036798,-0.0865384615384615,18918036.7,10942438.978419205,3.5162251647811726,3.0338304608532662,0.008466945752651622,0.03295484652224514,-2.344212752074904,0.019979460367846036,0.03879433298469137,True,True,True,True,4,True
2016-12-29,104.9,111.49,102.8,111.43,54384182,NVDA,0.019954233409611,0.08284080076263105,0.062249761677788375,21086618.55,13330412.722617421,2.4978644054662125,2.5790850188258374,0.010027660104097318,0.03270965008465141,0.30347537438719346,0.01503006012024044,0.052915052442596755,True,True,True,True,4,True
2016-12-30,111.35,111.92,106.3,106.74,30323259,NVDA,-0.042089203984564394,0.050471486304445486,-0.041400987876066456,21308377.8,13450838.69976754,0.6702095981684619,1.4230674565944668,0.010396084937407063,0.03203899565224836,-1.6381689829371497,-0.09018070235254005,-0.003454392680422025,True,True,True,True,4,True
2017-02-10,119.93,120.7,112.6,113.62,41277341,NVDA,-0.02371541501976282,0.06753939798215633,-0.052614024847827914,14478577.1,7029173.691425924,3.8125055769625824,2.850925247343539,0.0048653478715588285,0.018458689953838057,-1.5483635600791343,-0.046251993620414544,-0.006644518272425182,True,False,True,True,3,True
2017-02-23,105.5,106.39,99.68,100.49,39822213,NVDA,-0.09272300469483574,0.0636018957345971,-0.047488151658767824,17032092.7,9465796.501729116,2.407628380330903,2.3380692966754464,-0.0030614732618480744,0.029960223847744966,-2.9926856317442456,-0.06285554415741867,-0.07807339449541284,True,False,True,True,3,True
2017-02-24,97.07,102.0,95.7,101.46,25747597,NVDA,0.009652701761369231,0.0649016173895127,0.04522509529205729,17745974.05,9562137.614644827,0.8368027393524611,1.4508979291559372,-0.003441626929693892,0.0297362569545648,0.4403489218925725,-0.08652201314486363,-0.05398601398601399,True,True,True,True,4,True
2017-04-04,103.4,104.42,100.34,100.78,31782004,NVDA,-0.07012363904779473,0.039458413926499014,-0.025338491295938147,15493345.95,5978996.497057951,2.7243130277823484,2.051332494773345,0.00126459041378158,0.022288909503781783,-3.2028587782396345,-0.07879341864716638,-0.06416566069272911,True,False,True,True,3,True
2017-05-10,114.29,121.82,114.02,121.29,53227434,NVDA,0.1782591801049156,0.06824744072097294,0.06124770321112958,12156473.15,10283336.181976777,3.993933498156324,4.378526020106415,0.011427663474058136,0.04222379396311,3.951125679909638,0.1678220681686886,0.1634532374100719,True,True,True,True,4,True
2017-05-11,120.05,130.43,119.91,126.5,48494808,NVDA,0.04295490147580172,0.08763015410245739,0.053727613494377366,14063598.75,13086091.493599202,2.631130102280068,3.4482502567132753,0.013988168433702281,0.04251906987305554,0.6812645038704327,0.2309039602996985,0.2181030332209919,True,True,True,True,4,True
2017-05-12,126.63,129.6,125.78,127.89,24065459,NVDA,0.010988142292490233,0.030166627181552504,0.009950248756218947,14633254.45,13269040.91669765,0.7108429772140196,1.644573261691626,0.015472731236334197,0.04183033175856248,-0.10720902166705835,0.24237419856226938,0.23136915077989606,True,True,True,True,4,True
2017-05-15,129.56,134.41,129.38,134.31,27188548,NVDA,0.050199390100867936,0.03882371102192035,0.0366625501698055,15371066.6,13547548.569084559,0.8722966623620333,1.7688133626328832,0.016024380498420216,0.04223008454543596,0.8092574279759808,0.10734603017561217,0.3068989004573319,True,True,True,True,4,True
2017-05-16,136.38,137.44,133.3635,136.81,28017471,NVDA,0.018613654977291283,0.029890746443760156,0.003152954978735935,16309292.95,13749794.484254396,0.8515165854593423,1.717883852224262,0.01692483045478251,0.042075709335232025,0.04013775523196325,0.081501976284585,0.32902661744705664,True,True,True,True,4,True
2017-05-17,134.1,134.86,127.55,127.72,31784158,NVDA,-0.0664425115123164,0.0545115585384043,-0.04757643549589855,17422467.9,14068783.748067524,1.0208195930208046,1.8243200780986948,0.01340631047892497,0.04598085101568024,-1.7365668583213387,-0.001329267339119533,0.053013438865528784,True,True,True,True,4,True
2017-05-26,137.93,145.28,137.11,141.84,19478497,NVDA,0.025893244611601363,0.05923294424708176,0.028347712607844532,21667328.7,12812218.840183157,-0.17083939380859878,0.8989800851638902,0.016444872513706098,0.04637158144531498,0.20375350167941822,0.03510180252499451,0.04294117647058826,False,True,True,True,3,True
2017-06-08,153.46,160.0,151.79,159.94,29043605,NVDA,0.07255901287553645,0.05349928320083414,0.04222598722794207,23121562.95,8204084.4504731735,0.7218406984655606,1.2561263727199723,0.01431832954838485,0.0287225620305506,2.0276980606815025,0.0806026619822986,0.1079246328622887,True,True,True,True,4,True
2017-06-09,164.74,168.5,142.75,149.6,92323196,NVDA,-0.06464924346629985,0.1563069078548015,-0.09190239164744454,25312982.35,16745543.16892612,4.001674533576645,3.647266636679024,0.008938122301279772,0.03285664040712328,-2.239649728510465,0.015338672458259817,0.041492620439989025,True,True,True,True,4,True
2017-06-13,154.4,154.77,145.65,151.4,41812580,NVDA,0.009535240381409738,0.059067357512953396,-0.019430051813471502,26962825.0,17522692.00993618,0.8474585407070728,1.5507492260176743,0.006479170802286627,0.03139405313652256,0.09734549297706971,-0.05339502313367506,0.027555314239174677,False,True,True,True,3,True
2017-07-03,145.05,145.6537,138.58,139.33,17726821,NVDA,-0.036178749308245606,0.04876732161323663,-0.03943467769734573,27933026.85,17018554.41711594,-0.5997105041856782,0.6346186933193028,-0.002581770992959842,0.03032581834507646,-1.107867162329698,-0.08184514003294885,-0.08425895497863944,True,True,True,True,4,True
2017-07-12,158.3,163.0,156.56,162.51,28630213,NVDA,0.042532717474980775,0.040682248894504086,0.026595072646872896,22291846.55,4857879.5570308585,1.3047599010202748,1.2843356397498618,0.003873094180818065,0.026247581848112878,1.4728832361729438,0.10731807031888807,0.13603635092624944,True,True,True,True,4,True
2017-07-13,163.0,166.3,158.75,160.63,34228333,NVDA,-0.011568518860377797,0.04631901840490805,-0.014539877300613525,22522461.4,5312117.109483506,2.2036170059394937,1.5197421095369266,0.0031889879207582295,0.026473187123407647,-0.5574510810633528,0.0450878334417697,0.11952885419570669,True,True,True,False,3,True
2017-07-27,168.27,168.74,157.56,161.74,19571379,NVDA,-0.03300251106062402,0.06644083912759259,-0.038806679740892615,20266851.4,5124099.452844799,-0.13572578096896343,0.9656842404242428,0.0034545368408933574,0.02350931843930964,-1.5507488230946755,-0.02654228107132106,-0.0343880597014925,True,True,True,True,4,True
2017-08-14,159.67,168.55,159.2,168.4,31975541,NVDA,0.07976404206206711,0.058558276445168304,0.054675267739713276,18132683.1,7481688.272357991,1.850231845550706,1.7634202739692726,0.0016112043275705924,0.027770253767064074,2.814264442451258,-0.021555981639649113,-0.022918479837539807,True,True,True,True,4,True
2017-09-15,172.86,180.11,172.65,180.11,34119764,NVDA,0.06322314049586786,0.043156311465926224,0.04194145551313201,13277931.55,5579122.01506974,3.7356832121083254,2.5696595792437265,0.005656349714908665,0.019602992109198893,2.936632859937,0.06190672719768875,0.10031156454273327,True,False,True,True,3,True
2017-09-18,185.14,191.2,184.86,187.55,42111516,NVDA,0.04130808950086062,0.034244355622771824,0.013017176190990737,14632002.0,8531800.527185947,3.220834091518968,2.878041979491255,0.007712464538623271,0.02109856080019612,1.592318323528734,0.10083934965076025,0.10976331360946756,True,False,True,True,3,True
2017-09-26,176.45,178.68,170.35,171.96,28140511,NVDA,0.0056140350877194045,0.047208841031453744,-0.02544630206857456,17502234.75,9165487.079053665,1.1606885873323822,1.6078238808904104,0.002355896531590357,0.02435720365035564,0.13376488544823065,-0.04868333702146488,-0.08214571657325853,True,True,True,False,3,True
2017-11-29,210.01,210.1226,191.23,196.42,34919741,NVDA,-0.06781832850837655,0.08996047807247282,-0.0647112042283701,13707318.1,7568079.393690041,2.8028805984363827,2.547525398130215,-0.0023282692044850005,0.022610466813302862,-2.896448792705177,-0.09467182890855463,-0.0908585975468642,True,True,True,True,4,True
2017-12-04,200.05,200.3,184.5,186.66,31021123,NVDA,-0.05574666127074068,0.07898025493626598,-0.06693326668332923,15804361.2,8395788.202467838,1.8124280214128343,1.9628204270603484,-0.00523628058822348,0.026023516591875684,-1.940951389263283,-0.0496894409937888,-0.1283272625385261,True,False,True,True,3,True
2017-12-05,182.4,192.7,180.58,187.74,24537194,NVDA,0.005785920925747368,0.0664473684210525,0.029276315789473702,16543790.1,8485129.866250517,0.9420485043833743,1.483166423877682,-0.005172198974826997,0.026050328827361025,0.4206518840201701,-0.06462059688107213,-0.10901238669261071,True,True,True,True,4,True
2018-01-03,204.1,213.7,203.75,212.47,22867591,NVDA,0.06581389515926772,0.04875061244487991,0.04100930916217543,11662677.1,4893785.438136553,2.2896209982321145,1.9607497321519773,0.006702569530029212,0.021028601551203212,2.8109965127879026,0.07634245187436672,0.07612439222042133,True,False,True,True,3,True
2018-01-08,220.4,225.0,218.58,222.0,22030422,NVDA,0.03064066852367686,0.02912885662431936,0.00725952813067148,11729542.25,4643336.964410345,2.21842175766111,1.8781996373302632,0.007506537282425063,0.021648774625397042,1.0686115792490272,0.04485339106697417,0.1472868217054264,False,True,True,True,3,True
2018-02-05,227.0,233.23,205.0,213.7,29130140,NVDA,-0.08487495717711557,0.12436123348017616,-0.0585903083700441,14281743.8,4651838.956610566,3.191941152412308,2.039676695502688,-5.5666821217448256e-05,0.026378810309990515,-3.2154327416264974,-0.13059397884458923,-0.1342920802106543,True,True,True,True,4,True
2018-02-06,204.4,225.7,204.0,225.58,27870031,NVDA,0.05559195133364536,0.10616438356164377,0.10362035225048927,14573724.25,5301672.980273296,2.507945472961742,1.912347902424461,0.0011918973192809768,0.02841816979092299,1.9142701452836077,-0.06203742203742202,-0.07061634805537242,True,True,True,True,4,True
